ALOB010139NMB,0
CAOP050159NMB,1
FLMP100125NMB,2
WALC500003NMB,3
DCTC490101NMB,4
TNDS440150NMB,5
TXGC450222NMB,6
INOP150023NMB,7
MOMA260005NMB,8
CAOP050158NMB,9
CADN050007NMB,10
PADV080006NMB,11
AZOB030088NMB,12
NYWN330073NMB,13
CAGS050127NMB,14
TXSA450237N08,15
CAOP050102NMB,16
TXSA450237N04,17
TXSA450237N06,18
PATF390055NMB,19
FLMP100022TX1,20
AZOB030064TX1,21
DCTC090004TX1,22
MWOB260011NMB,23
CAOP050078NMB,176
MIOP230066NMB,25
WIUW520097NMB,26
NCNC340127NMB,27
DCTC210057TX1,28
LAOP190053NMB,29
CADN050121NMB,30
OHLC360052NMB,236
MIOP230089NMB,32
VATB490084NMB,33
TNDS440091NMB,34
NEOR280013NMB,35
AZOB030120NMB,36
OHLC360187NMB,37
VATB49010FTX1,38
ORUO500002NMB,39
ORUO380090NMB,1403
CAOP050693NMB,40
CADN050006NMB,41
CAOP050549NMB,42
MIOP230130TX1,43
INOP150053NMB,45
MAOB220086TX1,46
CAOP050262TX1,47
OHOV363300TX1,48
WIUW520087NMB,49
FLFH100014TX1,50
AZOB030014NMB,52
WALC50005FNMB,53
TXSB450723NMB,54
MNOP240100NMB,55
MAOB220029NMB,56
NYFL330164NMB,57
CAGS050494NMB,58
ILIP140150TX1,59
PATF390009NMB,60
FLFH100302N01,61
GALL110172NMB,62
CADN050457NMB,63
PADV390329NMB,64
FLWC100304NMB,65
MAOB220033NMB,66
CADN050458NMB,67
GALL110124NMB,68
PATF390079NMB,69
NYAP330057NMB,70
IAOP160069NMB,71
FLWC100238NMB,72
LAOP190167NMB,73
PADV390270NMB,74
IAOP160067NMB,2232
INOP150074NMB,76
UTOP460055NMB,77
NYRT330350TX1,78
TXSA450029NMB,79
MSOP250032NMB,2233
DCTC090003TX1,2588
GALL110011NMB,82
DCTC490122NMB,83
TXGC450630NMB,84
OHLB360025NMB,85
TXSB450462NMB,86
CADN050008NMB,87
CADN050557NMB,88
TXSA450176NMB,89
KYDA180141NMB,90
WALC500054TX1,91
HIOP120019NMB,92
INOP150056TX1,93
OKOP370078NMB,94
TNDS440103NMB,95
TXGC450779NMB,96
NJTO310002TX1,98
TNDS440178NMB,99
TXSB450096NMB,100
CAOP050575NMB,101
PADV390111TX1,102
DCTC090011TX1,103
WALC500051NMB,104
PRLL400115NMB,105
TXSA450028NMB,106
INOP150112NMB,107
ILIP140213NMB,108
DCTC490045NMB,109
NYWN330053NMB,110
WISE520009NMB,1313
PADV310081NMB,112
PRLL400061NMB,113
CAOP050625TX1,114
WALC020001NMB,115
NYRT330152NMB,116
TXSB723303NMB,117
MNOP350003NMB,119
MOMA040020NMB,120
CADN050488NMB,121
FLUF100122NMB,122
TXSB450788N01,123
SCOP420080NMB,124
DCTC210018NMB,125
MAOB220035N01,126
ILIP140174NMB,127
LAOP190041TX1,128
MNOP350011TX1,129
NYAP330276NMB,130
CAGS050599TX1,131
OHLP360152N01,132
LAOP190102NMB,133
TXSB450558NMB,1762
NMOP320030NMB,1319
FLWC100243NMB,137
ORUO380003NMB,138
PADV390045NMB,139
PATF510022TX1,140
VATB490032TX1,141
MAOB22VA03NMB,142
PADV390058NMB,143
CAOP050684NMB,144
MDPC210049NMB,145
KYDA150044NMB,146
OHLC363306NMB,147
MWOB260190NMB,2244
MOMA040118NMB,149
NYRT33035JNMB,150
NYRT330331NMB,151
ALOB010033TX1,152
NCCM340113TX1,153
SCOP420070NMB,154
MIOP230165TX1,155
OKOP370097NMB,156
INOP150115NMB,157
INOP150017TX1,158
ILIP140040NMB,159
NJTO310063NMB,160
TXSA670043NMB,161
ILIP140012NMB,162
INOP150007NMB,163
NCNC340061TX1,164
FLWC100259NMB,165
TNDS440197NMB,166
FLWC100099NMB,1770
CADN050131NMB,168
SCOP420071NMB,169
OKOP370013NMB,1325
NYRT330104NMB,171
CORS060004NMB,172
AROR04010FNMB,173
MSOP250097NMB,175
WALC500012NMB,24
NJTO310118NMB,177
PATF390050TX1,178
ILIP140114NMB,179
PATF390228NMB,180
FLMP100076NMB,181
MAOB200031NMB,182
NYRT330261NMB,183
LAOP190177NMB,184
LAOP190202NMB,185
NCNC490075NMB,186
VATB490044NMB,187
TXSA450058NMB,188
ILIP140240NMB,189
CORS060011NMB,190
ALOB010104NMB,191
NEOR280040NMB,192
CORS060016NMB,194
CAOP050292NMB,195
NCCM340001NMB,196
NJTO310084NMB,197
OHLB360019NMB,198
CAOP050063NMB,199
NYRT330397NMB,200
TXSB450514NMB,201
WIDN520096NMB,202
CADN053301NMB,204
MIOP230110NMB,205
GALL110020NMB,1307
TNDS440003NMB,207
CADN050125NMB,208
NJTO310075NMB,209
NCCM340166NMB,210
CAOP050224NMB,211
INOP150051NMB,212
TNDS440194NMB,213
WIDN520063NMB,214
NJTO310060NMB,215
SCOP420049NMB,216
SCOP420004TX1,217
MOMA040039NMB,1364
NYRT330396NMB,219
GALL110183NMB,220
WIDN520207NMB,221
DCTC090006TX1,222
CADN053300NMB,223
VATB490041NMB,224
GALL110074NMB,225
ORUO130006NMB,226
CASD050115NMB,227
FLFH100118NMB,228
CADN050280NMB,229
MIOP230085NMB,1884
ORUO380061NMB,231
INOP150006NMB,232
WIDN523300TX1,233
NCNC340050NMB,2050
MIOP230032NMB,235
WALC130003NMB,31
WALC270002NMB,237
MDPC210002TX1,238
CAOP050511N01,239
MNOP243302TX1,240
INOP150034NMB,241
NEOR280009NMB,242
MWOB170146NMB,243
LAOP190128NMB,2259
FLMP100114NMB,245
MOMA260081N01,246
WALC503301NMB,247
NYFL330285TX1,248
CAGS05VA01NMB,249
ALOB010079NMB,250
CAOP050348TX1,251
ALOB010078NMB,252
NCCM340098N01,253
CADN050301NMB,254
MAOB220063NMB,255
MNOP240030NMB,2262
NYFL330074NMB,257
UTOP130002NMB,258
MAOB220060NMB,259
SCOP420083NMB,1936
MIOP230070NMB,260
OHLP360035NMB,261
NJTO310074NMB,262
ALOB010119NMB,263
MWOB170040TX1,264
CADN050242NMB,265
MWOB170104NMB,2264
NYRT330202NMB,267
MWOB260006NMB,268
TNDS440193NMB,269
MIOP230105NMB,270
MSOP250045NMB,271
FLWC100012NMB,272
TNMS440049TX1,273
WALC270049NMB,274
PADV390043NMB,275
TNDS440059NMB,276
UTOP460041NMB,277
MAOB470001NMB,278
CTOP070017NMB,279
NYWN333300TX1,280
MDPC210061NMB,281
ORUO380038NMB,282
WALC500026NMB,283
AZOB030007NMB,284
GALL110161NMB,285
OHLC360058NMB,286
ORUO380025NMB,287
FLFH100263NMB,288
WALC500025NMB,289
PADV390206NMB,290
OHOV360132NMB,291
CAOP050426NMB,292
CADN050039NMB,293
MWOB260096NMB,294
VATB490007TX1,295
PADV390026NMB,296
CASD050026NMB,297
MAOB070006NMB,298
TNDS440058NMB,2268
FLMP100024NMB,300
ALOB010021NMB,301
NYRT330372NMB,302
NJTO310092NMB,304
PADV390064NMB,305
NYWN330007NMB,306
INOP150084TX1,307
WALC270040NMB,308
CORS060024TX1,309
WALC500008TX1,310
MIOP230104TX1,2270
MOMA260077NMB,312
MNOP240213NMB,313
NJTO310024NMB,314
OHOV360354NMB,315
NYRT330056NMB,316
CTOP070027NMB,317
MDPC210023NMB,1268
FLUF100179NMB,319
WALC501336NMB,320
OKOP370025NMB,2274
CORS060015NMB,322
TXSB450037NMB,323
CAOP050586NMB,324
TXSB450537NMB,325
FLFH100177NMB,326
TXSB450034NMB,327
NJTO310020NMB,328
TXGC450677NMB,329
ILIP150090NMB,330
NYFL330058NMB,331
NYFL330090NMB,332
TXSA450033NMB,333
CAOP050278NMB,334
MOMA260021NMB,335
ILIP140155NMB,336
CADN050118NMB,337
NYRT330028NMB,338
TXSB450236NMB,339
GALL110044NMB,340
MIOP230244NMB,341
TNDS440065NMB,342
TXSB450634NMB,343
CAGS050590NMB,344
NYWN330005TX1,345
FLMP100056NMB,346
ORUO500041NMB,347
FLFH100072NMB,348
ILIP140154NMB,349
FLWC100137NMB,350
CAOP050281NMB,351
MSOP250004NMB,352
CADN050145NMB,353
PRLL400102NMB,354
FLWC100357NMB,355
NYAP330191NMB,356
NYAP330136NMB,357
PADV390162NMB,2407
PATF390168NMB,727
FLUF100135TX1,359
PADV390225NMB,360
WALC500021NMB,361
CAOP050224TX1,362
MNOP240036NMB,363
CADN050075NMB,364
WIUW520076NMB,365
TXGC670023NMB,366
PADV390268NMB,367
NYAP470003TX1,368
MOMA140185NMB,369
KYDA510007NMB,370
NYRT330080NMB,371
CAOP050581NMB,372
ORUO380004TX1,373
ILIP140186NMB,374
NYRT330286NMB,375
PADV390080NMB,376
NCNC340142NMB,945
PATF390110NMB,379
TNMS250100NMB,380
CORS060103NMB,381
MIOP230059TX1,382
CADN050417NMB,2261
CAOP050138TX1,383
WISE520051NMB,384
ILIP140276TX1,385
OHLB36004FNMB,386
WALC500129NMB,387
NYWN330091NMB,388
MWOB260001TX1,389
TXSB450646NMB,390
MDPC210009TX1,391
GALL110129NMB,2083
NVLV290005NMB,2286
NYRT330306NMB,393
TXSB450147NMB,395
FLMP100269NMB,1368
NCNC340116NMB,397
MDPC210039NMB,398
NYRT330398NMB,2288
CADN050179NMB,399
NJTO310034NMB,2289
NJTO310001NMB,401
PATF510062NMB,402
TNMS440049N04,1318
TNMS440049N05,404
TNMS440049N03,405
TXSB450046NMB,406
NYAP330250NMB,1814
AROR040004NMB,408
FLMP100286NMB,1815
NCCM340021NMB,410
CADN050360NMB,411
CTOP070036NMB,412
NYAP330047NMB,413
TNDS440002NMB,949
OHLB360084NMB,415
NYRT33020FNMB,416
FLWC100256NMB,417
CASD050324NMB,418
SCOP420007NMB,419
CAOP050701NMB,420
FLWC100255NMB,421
PATF390128NMB,422
PADV310117NMB,230
CASD050636NMB,424
PADV390237NMB,425
ORUO500050NMB,426
AZOB030089NMB,427
NYWN330118NMB,428
NYRT330385NMB,2290
TXSB450299NMB,430
NMOP320004NMB,1819
NYRT330184NMB,431
MOMA260180NMB,432
AZOB030080NMB,433
SCOP420009NMB,434
OKOP370149NMB,435
MAOB220067NMB,436
NYFL330203NMB,437
GALL110164NMB,438
TXSB450200NMB,439
MAOB220070N02,1822
OKOP370114TX1,441
ILIP140065NMB,442
MOMA140187NMB,2364
MIOP230176NMB,443
FLWC100265NMB,444
NJTO310019NMB,445
NYAP330180NMB,446
NYRT330027NMB,447
CAOP050144NMB,448
TXSB450788N02,449
SCOP420068NMB,450
TXSB450372NMB,451
MWOB170033NMB,1870
NYRT330072NMB,452
AZOB030114NMB,453
MAOB220105NMB,454
MWOB170176NMB,455
CAOP050056NMB,457
GALL110143NMB,458
FLWC100191NMB,2165
CADN050510NMB,459
TXSA450711NMB,460
KYDA180102NMB,461
PRLL400017NMB,462
KYDA180103NMB,463
AZOB030101NMB,464
MAOB220126NMB,465
ZCAN330005TX1,466
NYRT330214TX1,467
TXSB450051TX1,468
CAGS050014NMB,469
DCTC490063TX1,470
MIOP230133NMB,471
AROR040071NMB,472
ALOB010144NMB,2666
NCCM340075NMB,473
FLWC100264NMB,474
MIOP230047NMB,475
AROR040078NMB,476
PADV390233NMB,477
TXSB450389NMB,478
CAOP050089NMB,479
INOP150169NMB,480
FLMP100020NMB,481
WALC270011NMB,482
LAOP190017NMB,483
AZOB030085NMB,484
MNOP240078NMB,485
TXSB45118ENMB,486
ALOB010072NMB,487
AZOB030105NMB,488
PATF510039NMB,489
TXSB450403NMB,490
ILIP140292NMB,491
MIOP230223NMB,492
FLFH100019NMB,493
ILIP140075NMB,494
MWOB170197NMB,495
NMOP320085NMB,496
MAOB200024NMB,497
TXSA450662NMB,498
MSOP250123NMB,499
MAOB220174NMB,500
PATF510024NMB,501
MNOP350002NMB,502
NCNC340155NMB,503
PADV390066NMB,504
GALL110165NMB,505
AZOB030115NMB,506
LAOP190109NMB,966
FLWC100032NMB,508
MAOB220110TX1,509
INOP150065NMB,510
PATF510031NMB,511
NJTO310018NMB,512
ILIP140251NMB,513
NJTO310076TX1,514
CADN05031FNMB,515
NEOR280023NMB,516
ORUO380102NMB,517
ILIP140130NMB,518
ALOB010083NMB,519
VATB490079NMB,520
CADN050211NMB,521
PADV390067NMB,522
TXSA450809NMB,969
TXSB450885NMB,524
TXGC450638NMB,525
CADN050419NMB,526
CADN050215NMB,527
FLMP100130NMB,528
FLFH100291NMB,529
AROR040022NMB,530
OHOV360003TX1,531
INOP150015NMB,532
NCCM340129NMB,533
IAOP160082TX1,534
MIOP230146NMB,535
GALL110005NMB,536
IAOP160033NMB,537
INOP150016NMB,538
CAOP050724NMB,539
MIOP230053NMB,541
FLFH100161NMB,542
MOMA260023NMB,543
NMOP320019NMB,544
TXSB040063NMB,545
ILIP140248NMB,546
TXSB450379NMB,2303
LAOP190205NMB,2475
FLWC100109NMB,548
PATF390267NMB,549
WIUW520116NMB,550
PATF330108NMB,707
MWOB170013NMB,552
WIUW520202NMB,553
FLWC100035NMB,554
CAOP050624NMB,555
CADN050028NMB,2250
FLMP100131NMB,556
LAOP190001NMB,557
AZOB030110NMB,1838
AZOB030102NMB,559
INOP150082NMB,560
PADV390123NMB,561
SCOP420033NMB,562
CADN050767NMB,803
VATB490018NMB,564
ORUO380051NMB,1390
MIOP230204NMB,566
PADV390127NMB,841
CADN050496NMB,568
FLFH100105NMB,848
CADN050060NMB,570
NYAP330394N01,571
MAOB470018NMB,572
OHLC360086NMB,573
ORUO380068NMB,2026
GALL110002NMB,574
FLWC100211NMB,575
MNOP240049TX1,576
CAOP050239NMB,577
DCTC490113NMB,578
GALL110001NMB,579
TXSB450080NMB,580
ILIP140162NMB,581
MIOP230195NMB,582
NEOR280130NMB,586
PADV390067N01,948
VATB490017NMB,585
TXSB450669NMB,960
CADN050261NMB,587
NYAP330153NMB,636
OHLB360162NMB,589
NCNC340042NMB,1448
PRLL400127NMB,590
CAOP050559NMB,591
MIOP230227NMB,985
GALL420082NMB,593
PATF390107NMB,1397
FLUF100266NMB,595
DCTC210022NMB,596
PATF390147NMB,597
CAOP050238NMB,598
TXGC450351NMB,1010
GALL110192NMB,600
MWOB170014NMB,601
MSOP250125NMB,602
LAOP190005NMB,1041
TXSA450571N01,604
ALOB010149NMB,605
PRLL400089NMB,606
MOMA260191NMB,607
MAOB410011NMB,1059
AZOB030038TX1,609
PRLL400105NMB,610
TXSB450011NMB,611
MIOP230097NMB,612
MIOP230217NMB,1402
INOP150012NMB,614
TXSA450128NMB,615
NEOR280081NMB,2316
CADN050167NMB,618
WIUW520160NMB,619
FLFH100890NMB,621
WALC130049NMB,622
GALL410132N01,2317
TXSB450031NMB,1626
FLUF100040NMB,625
NMOP320001TX1,626
FLWC100107NMB,627
NYRT330340NMB,628
FLMP100039NMB,629
CAOP050761NMB,630
TXSA450056TX1,631
MIOP230096NMB,632
CAOP050107NMB,633
OHLB360144NMB,1848
CORS060020NMB,635
PADV390180TX1,637
CORS063301N02,638
MDPC210019NMB,639
MIOP230053TX1,640
PADV390115NMB,641
PATF390164TX1,642
TXSA450643NMB,645
ILIP140252NMB,646
FLMP100038NMB,647
NYRT330225NMB,648
FLFH100028NMB,649
MSOP250015NMB,650
DCTC210004NMB,651
TXGC450672NMB,652
NYRT330119NMB,653
WALC020006NMB,654
KYDA180010NMB,655
DCTC210003NMB,656
FLWC100236NMB,657
TXSB453301NMB,658
CORS060075NMB,659
ORUO380091NMB,660
MDPC210028NMB,1850
WALC020017NMB,662
NVLV290012NMB,663
MIOP230092NMB,664
PADV310064NMB,665
TXSB450890NMB,1852
CAOP050373TX1,668
FLMP100209NMB,669
KYDA180037NMB,670
ORUO380052NMB,671
CASD050100TX1,672
NMOP320009NMB,2323
AROR040016TX1,1412
PADV390263NMB,675
NJTO310044NMB,676
NCCM340171NMB,677
TXGC450184NMB,678
OKOP370056NMB,679
CAOP050567NMB,680
PRLL400117NMB,681
ILIP140223NMB,682
TXSB450021TX1,683
UTOP463026NMB,684
MWOB260186NMB,685
LAOP190065NMB,686
ILIP150125NMB,687
LAOP190002NMB,688
NJTO310045NMB,689
MAOB300001NMB,690
LAOP190044NMB,691
PRLL400087NMB,692
NCNC340015NMB,2566
TXSB450324NMB,693
MNOP240093NMB,694
CAGS050425N02,695
SCOP425350NMB,696
TNDS440125NMB,698
OHLB360037NMB,699
FLWC100180NMB,700
CORS060112NMB,701
ILIP140025NMB,702
FLUF100054NMB,1417
NJTO310108NMB,704
TXSB450352NMB,705
NVLV290046NMB,706
OHLP360147NMB,551
AZOB030019NMB,708
KYDA180036NMB,709
PADV080004NMB,710
INOP150021NMB,711
CORS060023NMB,2328
AROR040041NMB,713
PRLL400112NMB,714
MAOB410004NMB,715
CAOP053309NMB,716
OHLB360036NMB,717
AZOB030022NMB,718
MOMA260105TX1,719
OHLP360009NMB,720
KYDA180011NMB,721
OHLC360079NMB,1860
FLUF100117NMB,723
PRLL400109NMB,724
NCNC340141NMB,725
TXGC450686TX1,726
NYRT330208NMB,1774
CADN555209NMB,728
ILIP140224NMB,729
NYRT330162NMB,730
ALOB010055NMB,731
AZOB030011NMB,732
MWOB260048NMB,733
OHLP360008NMB,734
MAOB410005NMB,735
FLMP100208NMB,736
SCOP420044NMB,737
TXSA450056N01,738
ALOB010103NMB,739
OHLP360017NMB,740
OHLP360083NMB,741
TXGC453300TX1,742
TXGC450684NMB,743
HIOP120002NMB,744
MSOP250040N01,745
WIUW520193NMB,747
FLMP100086NMB,2337
TNMS440228NMB,748
CAOP050104NMB,749
NVLV290041NMB,750
MAOB220028NMB,751
MOMA260120NMB,1869
FLWC100239NMB,753
ALOB010011NMB,754
TXSB450102NMB,2342
MSOP250048NMB,757
MAOB300005NMB,758
KYDA180104NMB,759
NYWN33012FVA1,760
ILIP140202NMB,761
NYRT330061NMB,762
ILIP140116NMB,763
KYDA180088NMB,764
FLFH100019N01,765
WIUW52004FNMB,766
ILIP140082NMB,767
TNMS440183NMB,768
MWOB26004FNMB,769
TXSA450104NMB,770
ALOB010100NMB,771
WIUW140228NMB,772
TXSA450388N01,773
TXSA450388N03,774
ALOB010064NMB,775
MWOB260193NMB,776
ALOB010019NMB,777
MIOP230017NMB,779
MDPC210044NMB,780
GALL110015NMB,781
WALC500053NMB,782
NCCM340013NMB,783
AZOB030073NMB,784
CAOP053302TX1,785
WIUW520089NMB,786
INOP150113NMB,787
FLMP103301TX1,788
MIOP230004NMB,789
LAOP190250NMB,790
INOP150024NMB,791
MIOP230197NMB,792
CADN050454TX1,793
MAOB070022TX1,794
PRLL480001NMB,1876
MSOP250072NMB,796
TXGC450087NMB,797
CADN050733NMB,798
AZOB030123NMB,799
MDPC210032NMB,800
ILIP140113NMB,801
FLMP100010NMB,802
PATF390266NMB,563
AZOB030122NMB,804
WIUW520013NMB,805
AZOB030061NMB,806
NMOP320016NMB,807
CORS060065NMB,808
MNOP240903NMB,809
GALL110069NMB,2349
CASD05022FNMB,811
IAOP160024NMB,812
KYDA180067TX1,813
ALOB010131NMB,814
WIDN520062NMB,815
NJTO310052NMB,816
FLMP100154NMB,817
CAGS050291NMB,818
AZOB030062NMB,819
TXSA45069FTX1,820
CAGS050366NMB,821
WIUW520002NMB,822
LAOP190112NMB,823
PRLL400114NMB,824
PATF390117NMB,826
CADN050136NMB,827
CORS530014NMB,828
FLMP100029NMB,829
MAOB070016NMB,830
PRLL400007NMB,831
PADV390044NMB,832
WALC500011NMB,833
CAOP050526NMB,834
CAOP050677NMB,835
GALL110010TX1,836
CASD053303NMB,837
HIOP120022NMB,838
TXGC450193TX1,840
FLWC100071NMB,567
PATF390028NMB,842
TXSA450824NMB,843
SCOP420019NMB,1434
CTOP070029NMB,846
CAOP050686NMB,847
CADN050633NMB,569
CORS530010NMB,849
FLUF100204NMB,850
ZCAN20005ENMB,851
MIOP230038NMB,852
NJTO310070NMB,1437
ILIP140233NMB,2644
MAOB070028NMB,854
OHLP360159NMB,2352
TXGC453304TX1,856
TXGC450076NMB,857
PADV390049NMB,858
ORUO380002NMB,859
CAOP050124NMB,860
MOMA140289NMB,861
ALOB010056NMB,862
PADV390153NMB,863
OHLP360039NMB,864
FLFH100169NMB,865
TXSB451094NMB,866
LAOP190206NMB,867
NYAP330245NMB,2355
AZOB03013FTX1,870
MOMA140184NMB,2356
NYFL330263NMB,872
GALL110149NMB,873
WISE520170NMB,874
AROR040088N01,875
NYRT330158NMB,876
PADV310086N01,877
PADV310086N02,878
FLUF10057FNMB,879
ILIP140231NMB,1888
TXGC45074FNMB,1443
LAOP190036TX1,882
MOMA260015NMB,883
UTOP460042NMB,884
UTOP460001NMB,885
MWOB260216NMB,886
TXSA450059NMB,887
NJTO310083NMB,888
WALC500027TX1,889
GALL110028TX1,890
MIOP230193NMB,891
NYRT330002NMB,892
PATF390118NMB,893
ALOB010006NMB,1788
WALC500088NMB,895
OHLC360133NMB,896
TXGC450137NMB,897
NYRT33017FNMB,898
TXSB670044NMB,899
CAOP050114NMB,900
PADV390095NMB,901
LAOP190175NMB,902
ILIP140176NMB,903
CADN050748NMB,904
NYRT330106NMB,905
MAOB220082NMB,906
HIOP120011NMB,907
PADV080001NMB,909
ORUO380060NMB,910
ORUO380040NMB,218
CAOP050299NMB,911
PATF510001TX1,912
CAOP050061NMB,913
NYRT330006NMB,914
MAOB470008NMB,423
OHLB363303TX1,915
CADN050283NMB,916
CAGS050254NMB,917
PADV390205NMB,918
CORS060003NMB,919
TNDS440053NMB,920
ORUO130006N01,921
VATB490100NMB,922
OHLB360064TX1,923
OHLB360098NMB,924
TNDS440227NMB,925
OHLP510033NMB,926
IAOP160013NMB,927
CADN050075TX1,928
OHLP510058NMB,1897
WALC500044NMB,930
MDPC210015NMB,931
NCNC340143NMB,932
TNDS440111NMB,933
AZOB030103TX1,934
PADV390204NMB,935
TXSA670041NMB,936
PADV390185NMB,937
TNDS440173NMB,938
NYFL330307NMB,939
MDPC21005FNMB,940
KYDA180048NMB,583
CAOP050169NMB,942
TXGC450644NMB,1901
ORUO130007NMB,944
ILIP150004NMB,378
MOMA260032NMB,946
SCOP420067NMB,947
CTOP070025TX1,584
CORS06X015NMB,414
OHLB360172NMB,950
NCNC34014FNMB,951
MIOP230117TX1,952
UTOP460010TX1,953
WIUW520088NMB,954
NJTO310067NMB,955
FLUF100156NMB,956
ORUO380008NMB,957
NYRT330304NMB,958
ORUO130014NMB,1998
ILIP150008NMB,959
TXSB450702NMB,1903
TXSB458772NMB,961
KYDA180009NMB,962
IAOP160029NMB,963
TXSA450633NMB,965
FLMP100224NMB,507
VATB490057NMB,967
MWOB170137NMB,1905
OHOV360001NMB,523
CORS060006NMB,970
FLUF100223NMB,971
ALOB010039NMB,972
WALC500036NMB,973
ORUO380033NMB,974
CORS530002NMB,2384
NJTO310077NMB,976
NYRT330001NMB,977
ILIP140015NMB,978
NMOP320021TX1,979
CTOP070011NMB,980
NYRT330267NMB,981
ALOB010024NMB,982
OHOV360056NMB,983
NYRT330390NMB,984
PATF390114NMB,592
OHLB360020TX1,986
TXSB450002NMB,1911
SCOP420043NMB,988
CAOP050502TX1,989
MAOB220010NMB,990
MIOP230034NMB,991
NJTO310073NMB,992
WISE520138TX1,993
ORUO380071NMB,994
PATF510047NMB,995
MIOP230029NMB,996
TXGC453306NMB,997
SCOP420079N01,2301
AROR040084NMB,998
IAOP160146NMB,999
AZOB030121NMB,1000
UTOP460051N01,1001
PRLL400003NMB,1002
NCNC340132NMB,1003
PADV390258NMB,1004
NYRT330023NMB,1468
ILIP140124NMB,1006
NYWN330005NMB,1007
PATF510046NMB,1008
ILIP140127NMB,1009
TXSA450124NMB,599
TNMS040042NMB,1011
CTOP070007NMB,1012
TNDS443303NMB,1918
NJTO310016NMB,1014
SCOP420079NMB,1015
FLWC100448NMB,1016
CASD050270NMB,1017
ALOB010023NMB,1019
UTOP130028NMB,1020
MOMA140002NMB,1021
TNMS440159NMB,1022
LAOP190161NMB,1023
MDPC210038NMB,1024
DCTC090001TX1,1025
ILIP140275NMB,2300
FLMP100228NMB,1026
CADN050312NMB,1027
ILIP140088TX1,2391
MIOP230151NMB,1029
NYWN330188NMB,1030
GALL110076NMB,1031
NYFL330241TX1,1032
MWOB170142NMB,1033
FLFH100110NMB,1034
TXGC450068TX1,1035
MWOB260009NMB,1923
TXGC450347NMB,1037
OHLB360359NMB,1038
CAOP050219NMB,1039
NCNC340099NMB,603
CADN050072NMB,1042
ILIP140258NMB,1043
MAOB300020NMB,1044
PADV390270TX1,2019
TXSB450229NMB,1046
ILIP140010TX1,1047
NJTO310072NMB,1048
TXGC450457TX1,2037
LAOP190125NMB,2087
CADN290001NMB,1049
NCNC340109NMB,2398
TXSA450340NMB,1051
MAOB300023NMB,1052
CADN050073NMB,1053
GALL110046NMB,1054
KYDA180137NMB,1055
MNOP240132NMB,1056
UTOP460006NMB,1057
GALL110226NMB,1130
FLMP100268NMB,608
NYRT330024TX1,1060
PRLL400098NMB,1061
ORUO380083NMB,2624
TXGC450330NMB,1062
ILIP140063NMB,1063
FLMP100034NMB,1064
MSOP250007NMB,1065
CADN050541NMB,1066
CAOP050240NMB,1067
GALL110023NMB,1068
WALC270057NMB,1069
INOP150158NMB,1070
PRLL40003FNMB,1071
TXGC450716NMB,1072
MAOB300018NMB,1073
PATF510050NMB,1477
LAOP190008NMB,1075
NMOP320083NMB,2400
GALL110031NMB,1077
MSOP250001TX1,2473
LAOP19048FNMB,1078
CADN050313NMB,1079
TXGC450610NMB,1080
CAOP050578NMB,1081
PATF390178NMB,1082
MAOB220135NMB,1083
CAOP050609NMB,1084
MIOP230156NMB,1085
CAGS050352NMB,1086
NMOP320002NMB,1087
GALL110071NMB,1088
TNDS440012NMB,1089
ILIP140062NMB,1090
NYFL330235NMB,1091
MIOP230207NMB,1092
ILIP140239NMB,1093
TNDS440011NMB,1094
MWOB170122NMB,1933
MOMA260179NMB,1096
FLWC100098NMB,1097
MOMA140164NMB,1098
WISE520035NMB,1099
OKOP370148NMB,1100
MNOP240053NMB,1101
VATB490022NMB,1102
CADN050076NMB,1103
PADV390125NMB,1104
FLMP100210NMB,1105
PADV390139NMB,1106
MIOP230230NMB,1107
IAOP160117NMB,1108
MOMA260110NMB,1109
MDPC210029TX1,1110
GALL110024NMB,1111
DCTC210016NMB,1112
PADV390226NMB,1113
ILIP140117NMB,1114
GALL110027NMB,1115
WIDN520136NMB,1116
PATF390062NMB,1117
NVLV290021NMB,1118
PADV390077NMB,1119
PADV390076NMB,1120
OHLB360276NMB,1121
FLUF100254NMB,1122
PADV390201NMB,1123
MAOB200019NMB,1483
WIDN520138TX1,1125
LAOP190193NMB,1126
CTOP070035NMB,1127
MNOP350015TX1,1484
NMOP320006NMB,1129
FLMP100176NMB,1058
GALL110168NMB,1131
FLMP10NC00N01,1132
FLMP100246NMB,1133
FLMP10VA01NMB,1134
PADV390135NMB,1135
INOP150038NMB,1136
ILIP140286NMB,1137
PRLL400125NMB,1138
NEOR280003TX1,1139
FLWC100173NMB,1140
WISE520140NMB,1141
SCOP420087NMB,1143
WALC500005TX1,1144
MSOP250019NMB,1941
NYRT330141NMB,1146
SCOP420027NMB,1147
TXSB450083TX1,1148
ILIP140029NMB,1149
SCOP420015NMB,1150
LAOP190196NMB,1151
PADV390231NMB,1152
FLMP100189NMB,1154
MWOB170016NMB,1155
NYRT330185NMB,1156
CADN050113NMB,1157
NCNC340060NMB,1158
LAOP190122NMB,1159
CORS060031N01,1160
PATF390121NMB,1945
NVLV290022NMB,1162
CAOP050468NMB,1163
CADN050195NMB,1164
PATF390063NMB,1165
CADN050153NMB,1166
MOMA260183NMB,1167
FLUF100025NMB,1168
TXSB450133NMB,1169
OHLB360145NMB,1170
MOMA140011NMB,1494
CAOP050204NMB,1172
PADV390194NMB,1946
OHLB363302NMB,1174
LAOP190197NMB,1175
MAOB220163N01,1176
NYRT330107NMB,1177
MAOB220119NMB,1178
TNMS443301TX1,1179
OHLB360192NMB,1180
CTOP220016NMB,1181
NYAP330003NMB,1182
WIUW520019NMB,1949
MIOP230273NMB,1184
TNDS490053NMB,1185
FLUF100023NMB,1950
MNOP240141NMB,1187
CAOP050432NMB,2422
UTOP469999TX1,1189
OKOP370202NMB,1190
SCOP420026NMB,1191
FLUF10018FNMB,1192
SCOP420062NMB,1423
LAOP190015NMB,1193
UTOP460021NMB,1194
MIOP230124NMB,1987
TXGC450639NMB,1195
CAOP050535NMB,1952
TXSA450058N01,1197
TXSA450058N03,1198
TXSA450058N02,1199
ILIP140119TX1,1200
TXSA450058N04,1201
OHLB360230NMB,1202
VATB493301TX1,2423
FLWC100213NMB,1204
INOP150088NMB,1205
ILIP140304NMB,1206
OHOV360179NMB,1208
NJTO310029TX1,1209
PRLL400015NMB,1210
OKOP370048NMB,1954
TXSB453313NMB,1955
NYRT330182NMB,1212
CADN050264NMB,1213
FLMP100018NMB,1215
TNDS440034NMB,1841
OHLC360174NMB,1216
MNOP240002NMB,1943
CADN050122NMB,1217
ILIP140030NMB,1218
OKOP370037TX1,1219
ORUO380023NMB,588
PADV390170NMB,1220
AZOB030012NMB,1221
CORS060096NMB,1222
NYWN330025NMB,2429
WIDN520027NMB,1224
ALOB010046NMB,1501
PATF390265NMB,1226
CAOP050099NMB,1227
FLWC100299NMB,2228
PADV310047NMB,1228
LAOP190046NMB,1229
KYDA180013NMB,1230
ILIP150132NMB,1231
LAOP190035TX1,1232
AZOB030037NMB,1233
TNDS440104TX1,1234
LAOP190014NMB,1235
NYRT330258NMB,1236
AZOB030006NMB,1237
CAOP050175NMB,1238
CASD050424TX1,1239
TXGC670077NMB,1240
AROR040067NMB,1241
PADV390197NMB,1242
MWOB170120NMB,1243
TXSA450718NMB,1244
CADN05OP05NMB,1245
PADV310064N02,1246
WALC020008NMB,1247
NEOR280020NMB,1248
GALL110186NMB,1249
SCOP420098NMB,1250
NYRT330259NMB,1251
NYAP330004NMB,1252
TNDS440082TX1,1253
OHOV360163TX1,1254
ILIP140158NMB,1255
CTOP220077TX1,1256
MAOB220001NMB,1707
OHLP360085TX1,1257
FLMP100234NMB,1258
VATB490077NMB,1259
MAOB220002NMB,1260
CAOP050709NMB,1261
CTOP070021NMB,1262
KYDA180044NMB,1263
GALL110122NMB,1264
CAGS050150NMB,1265
NCCM340002NMB,1266
KYDA180040TX1,1267
MNOP243300NMB,1269
MWOB170185NMB,1270
ILIP140079NMB,1271
FLMP100073NMB,1272
PADV393306NMB,1273
CASD050077NMB,1274
TNMS440048TX1,1275
MSOP250082NMB,1276
OHLP360218NMB,1277
CAGS050425NMB,1278
CAOP050615NMB,1279
ILIP140049NMB,1280
LAOP190004NMB,941
NJTO310003NMB,1281
AZOB030036NMB,1282
MNOP243301NMB,1283
PADV390069NMB,1284
NYRT330290NMB,1285
FLUF100026NMB,1286
GALL110188NMB,1287
INOP150056N01,1288
LAOP190039NMB,1971
NYRT330221NMB,1290
PADV310088NMB,1291
TNDS440133NMB,1292
AROR040117TX1,1293
TXSA450272NMB,1294
CAOP050542NMB,1974
PATF510070NMB,1512
NJTO310096NMB,1297
TXGC450209NMB,1298
PADV39156AN02,1299
IAOP160008NMB,1300
PRLL400120NMB,1301
ILIP140008NMB,1302
MAOB220100NMB,1304
WIUW520090NMB,1305
LAOP190236NMB,1306
FLMP100262NMB,206
CAOP050170NMB,1308
MOMA260091NMB,1309
MAOB070034NMB,1310
GALL110054NMB,1311
NYRT330126NMB,1312
PADV390027TX1,111
NYAP330224NMB,1314
FLMP100230NMB,1315
MAOB200008NMB,1316
PATF510023NMB,1317
TNMS250034NMB,2663
MAOB300017NMB,135
OHLB360137TX1,1320
SCOP42VA01NMB,1321
NCNC340038NMB,1322
OKOP370001TX1,1323
ILIP140080NMB,1324
FLMP100281NMB,170
INOP150064NMB,1326
LAOP190006NMB,1327
CADN050444NMB,1328
GALL110177NMB,1329
LAOP190040NMB,1330
CAOP050438NMB,1331
WIUW520083NMB,1332
FLWC100087NMB,1333
NYRT330127NMB,1334
WISE520008NMB,1335
MNOP240084NMB,1336
MWOB260141TX1,1337
VATB490024TX1,1338
PRLL400021NMB,1339
MAOB220051NMB,2449
WALC500077NMB,1341
CAGS050133NMB,1342
FLFH100007TX1,1343
MNOP240115NMB,1344
CAGS050109NMB,1345
TXSB450730NMB,1346
TXSB450346NMB,1347
PATF390002NMB,1348
MAOB220163TX1,1349
ILIP140217NMB,1350
PADV390169NMB,1352
CADN050523NMB,1353
PADV390108NMB,1354
PATF390211NMB,1355
WALC500064NMB,1356
FLFH100017TX1,1357
LAOP190111TX1,1358
MNOP430095NMB,1359
MDPC210027NMB,1360
WIUW520198NMB,1361
TXSA450101NMB,1362
IAOP160057NMB,1363
MIOP230021NMB,377
FLUF100093NMB,1366
TNMS440152NMB,1367
PADV080001N02,396
PADV390179NMB,1369
FLWC103300TX1,1370
TXGC450231NMB,1371
PATF390219NMB,1372
ILIP140084NMB,1373
MWOB260166NMB,1374
PATF390152NMB,1375
PADV390167NMB,1376
AROR040050NMB,1377
MIOP230081NMB,1378
PADV390290TX1,1379
PADV390156NMB,1380
PADV390070NMB,1381
PADV390115N02,1382
IAOP160030NMB,1383
MAOB410006NMB,1384
OHLC360090NMB,1385
VATB490093NMB,1386
WISE520063NMB,1387
GALL110087NMB,1388
OHLB360082NMB,1389
FLUF100088NMB,565
INOP150032TX1,1391
NYFL330140NMB,1392
NYRT330231NMB,1393
NYRT330046TX1,1394
IAOP160045NMB,1395
WALC500058NMB,1396
WALC130011NMB,594
AZOB030065NMB,1398
PRLL400111NMB,1399
CADN290009NMB,1400
TNDS44018FVA1,1401
FLWC100043NMB,613
NYRT330064NMB,203
PATF390151NMB,1404
CADN050016NMB,1405
TXGC450670NMB,1406
WALC020004NMB,1407
MWOB170145NMB,1408
OKOP370016NMB,1409
TXSA450042NMB,1410
TNDS440120NMB,1411
ORUO380050NMB,674
MAOB220015NMB,1413
FLMP100187NMB,1414
CAOP050132NMB,1415
PATF390086NMB,1416
CADN050512N01,703
NYRT330120NMB,1418
CORS060022TX1,1419
LAOP190013NMB,1420
CAOP050489NMB,1421
MAOBBERMDANMB,1422
ILIP140200NMB,44
FLWC100126NMB,1424
NJTO310111NMB,1425
PATF390041NMB,1426
KYDA180093NMB,1427
WISE520136NMB,1428
AROR040014NMB,1429
PATF390090NMB,1430
MDPC210033NMB,1535
CORS060034NMB,1432
OHLB360180TX1,1433
TXGC670075NMB,844
AZOB030024TX1,1435
PATF390093NMB,1436
CAGS05US01NMB,853
CAOP050300NMB,1438
FLWC100244NMB,868
FLUF100090NMB,1440
CADN050441TX1,1441
FLWC100127NMB,1442
MDPC210034NMB,881
TXSB450107NMB,1444
ILIP140291NMB,1445
CORS530025NMB,2471
MAOB220008NMB,1447
VATB490037NMB,2467
CORS060028NMB,97
FLWC100220TX1,1449
NYRT330230NMB,1450
IAOP160058TX1,1451
MIOP230099NMB,1452
PADV390097NMB,1453
HIOP120007NMB,1454
ILIP140160NMB,1455
PRLL400110NMB,1456
TXSA452364TX1,1457
ILIP140083NMB,1458
TXGC450211NMB,1459
ILIP140290NMB,1460
TXSA450119NMB,1461
PATF510012NMB,1462
TXSA450213TX1,1463
MDPC210048NMB,1464
PADV390256TX1,1465
NJTO310110NMB,1466
LAOP193300TX1,1005
NYFL330157NMB,1469
CORS060031NMB,1470
MSOP250104NMB,1471
OHLB360123NMB,1472
WIUW520030NMB,1473
NJTO310050NMB,1474
ILIP140166NMB,1475
CAOP050236NMB,1476
CASD050222NMB,1074
AZOB030020NMB,1478
CAOP050594NMB,1479
MSOP250069NMB,1480
FLFH100030NMB,1481
FLUF100249NMB,1482
ALOB010101NMB,1124
OHLP360006NMB,1128
NCNC340004NMB,1485
CAGS050674NMB,1486
WIUW520075NMB,1487
MSOP250094NMB,1488
OHLB360077NMB,1489
NJTO310051NMB,1490
ILIP140054NMB,1491
NYRT330196NMB,1492
NYRT330067NMB,1493
CORS060015N01,1171
CORS060010NMB,1495
NEOR280013TX1,1545
MNOP430016TX1,1497
CAOP050137NMB,1498
TXSA450878NMB,1499
TXSB453302TX1,1500
PADV390051TX1,1225
VATB490069NMB,1502
LAOP190027NMB,1548
WISE523300TX1,1504
INOP151326NMB,1505
LAOP190204NMB,1506
CAOP053306NMB,1507
MAOB220024NMB,1508
ORUO380018NMB,2287
LAOP190207NMB,1509
TXSA45081FTX1,1510
MIOP230002NMB,2485
OHOV180001NMB,1296
NYRT330332NMB,1513
GALL110201NMB,1514
FLMP100080NMB,1515
INOP150033NMB,1516
AZOB030055NMB,1517
TXSB450079NMB,1518
NJTO310048NMB,1519
TXSA450471NMB,1520
TXSB450280NMB,2241
CAGS050108TX1,2560
AROR040137NMB,1521
GALL110091NMB,1522
ALOB010108NMB,1523
TXSB450023NMB,1524
PRLL400026NMB,1525
AROR040010NMB,1526
TNDS440081NMB,1527
OKOP370093NMB,1528
NCNC340040TX1,1529
CORS060030NMB,1530
MDPC210037NMB,1553
PATF510071NMB,1532
FLWC100070NMB,2573
MIOP230058NMB,1534
FLFH100051NMB,1431
NYWN330078NMB,1536
TXGC450709NMB,1537
NJTO310105NMB,1538
ILIP140095NMB,1539
AROR040100NMB,1540
TXSA450152NMB,1541
TXSB450024NMB,2493
OHLB360155NMB,1543
AROR040062NMB,1544
CAOP050116NMB,1496
NYAP330066NMB,1546
MAOB070018NMB,1547
MAOB220073NMB,1503
NCNC340014NMB,1549
NCCM340130NMB,1550
GALL110128NMB,2021
NJTO310041NMB,1552
CAOP050065TX1,1531
MIOP230141NMB,1554
VATB490143NMB,1555
MAOB220020NMB,1556
FLWC100067NMB,1557
TXSB670082NMB,1558
CADN050197NMB,1559
WIUW520011NMB,1560
NYRT330045NMB,1561
CADN050506NMB,1562
MSOP250058NMB,1563
PADV083300TX1,1564
ORUO380075NMB,2023
KYDA180130NMB,1566
PADV390046NMB,1567
GALL110066NMB,1568
MOMA260052NMB,1569
INOP150029NMB,1571
GALL110081NMB,1572
MAOB070010NMB,1573
NJTO310054NMB,1574
FLUF100151TX1,1575
MIOP230019NMB,1576
OKOP370091TX1,1577
NYFL330215NMB,2559
WALC500009NMB,1578
TXSA453305NMB,2229
TXSA450869NMB,1579
MNOP240010TX1,1580
CADN050055NMB,1581
UTOP130018NMB,2498
INOP150046NMB,1583
LAOP190098TX1,1584
CAOP050485NMB,1585
TNDS440110NMB,1586
MWOB170049NMB,1587
HIOP120010TX1,1588
GALL110004NMB,1589
PADV310057NMB,1590
CADN050225NMB,1591
CAOP050448NMB,1592
MWOB263302TX1,1593
WIUW520048NMB,1595
CAOP050168NMB,1596
FLWC100157NMB,1597
MOMA260195NMB,1598
CAOP050295NMB,1599
WALC500124NMB,1600
WALC270004NMB,2104
ILIP140204NMB,1601
TNDS440006NMB,1602
MIOP230005NMB,1605
LAOP190026NMB,1606
TXSA450119N01,2028
UTOP460052NMB,1608
NYRT330399NMB,1609
WIUW520004NMB,1610
CAOP050267NMB,1611
SCOP420065NMB,1612
UTOP290008NMB,1613
MIOP230036NMB,1614
OHLP363305TX1,1615
INOP150100NMB,1616
MAOB410009NMB,1617
WIUW520045NMB,1618
INOP150037NMB,1619
MWOB170086NMB,2506
WIUW520098TX1,1621
MIOP230001NMB,1622
MWOB260085NMB,1623
TXSB450292NMB,1624
PADV390004NMB,1625
CAOP050378NMB,624
MAOB200033NMB,1627
TNMS250042NMB,746
NYWN330103NMB,1629
FLMP100008NMB,1630
MIOP230269NMB,1631
CORS530012NMB,1632
CADN05P005OP1,1633
VATB490004NMB,1634
ORUO380014NMB,1635
PRLL400019NMB,1636
LAOP190034NMB,1637
INOP150047NMB,2296
VATB490067NMB,2032
FLWC100049NMB,1639
CADN050680NMB,1640
CAOP050290NMB,1642
MDPC210012NMB,1643
CAOP050126NMB,1644
CAOP050390NMB,1645
PADV390203NMB,1646
NCNC340030TX1,1647
OHLC360112NMB,1648
CAOP050329NMB,1649
NYRT330393TX1,1651
TXSB450747NMB,1652
TXSB45068FNMB,1653
ALOB010016NMB,1654
NYRT330315NMB,1655
DCTC090005NMB,1656
FLMP100053NMB,1657
PRLL400018NMB,1658
TXGC450358NMB,1659
ALOB010113NMB,2033
WIUW520049NMB,1661
NCNC340085NMB,2137
WALC503300TX1,1663
TNDS440226NMB,1664
MAOB470011NMB,1665
CAOP050353NMB,1666
MAOB200001NMB,1667
CAOP050630NMB,1668
CAOP050110NMB,1669
FLWC100280NMB,1670
INOP150003NMB,1671
MAOB220074N02,1672
MAOB220074N01,1673
ILIP140067TX1,2091
NYRT330043NMB,1674
FLMP100253NMB,1675
LAOP190263NMB,1676
MAOB200009TX1,1677
CADN050047TX1,1678
CADN050002NMB,1679
SCOP420051NMB,1680
NYFL330030NMB,1681
WALC500152NMB,1682
NJTO310014NMB,1683
KYDA150009NMB,1684
NYRT33001ANMB,1685
MWOB260022NMB,1686
CORS06X064NMB,1960
WIUW520100NMB,1687
MNOP430027NMB,1688
ORUO380007NMB,1689
UTOP460003NMB,1690
PATF390113NMB,1691
AROR040119NMB,1692
FLWC10061FNMB,1693
ILIP140219NMB,1694
TXSB720046NMB,1695
MWOB170087NMB,1696
PRLL400001NMB,1697
CAOP050351NMB,2518
MNOP350043NMB,1699
LAOP190160NMB,1700
GALL110035NMB,1701
MAOB220052NMB,1702
FLMP100167NMB,1703
FLWC100044NMB,1704
CAOP050082NMB,1705
GALL110008NMB,1706
PRLL400016TX1,620
NYRT330316NMB,1708
DCTC490050NMB,1709
VATB510068NMB,1710
UTOP460051NMB,1711
TXSB670060NMB,1712
OHLB360027NMB,1713
MDPC210005NMB,1714
UTOP460012NMB,1715
SCOP420078NMB,1716
NCNC340007NMB,1717
WIDN520103NMB,1718
PADV390195TX1,1719
HIOP120006NMB,1721
CADN050512NMB,1722
NJTO310015NMB,1723
TXSA450388TX1,1724
OHOV180045NMB,1725
MAOB220116TX1,1726
CADN050070NMB,1727
INOP150026NMB,1728
VATB490052NMB,1729
UTOP460004NMB,1730
CORS060119NMB,2045
NCNC340131NMB,1732
CTOP070002NMB,1733
CADN050043TX1,1734
TXGC452044NMB,1735
NYAP330386NMB,1736
ORUO380006NMB,1737
NYRT330233NMB,1738
PRLL400048NMB,1739
MWOB260177NMB,1740
ILIP140288NMB,1741
OHLB360059NMB,1742
MAOB220011NMB,1743
CORS060014TX1,1744
CADN050071NMB,1745
CAOP050396NMB,1746
ALOB010089NMB,1747
NEOR283301NMB,1748
INOP150018NMB,1749
FLWC100132NMB,1750
SCOP420002NMB,1751
NYRT330055NMB,1752
CTOP070024NMB,1753
NCNC340107NMB,1754
OHLP360012NMB,1755
NVLV290047NMB,1756
TXGC450424NMB,1757
FLUF100001TX1,1758
TXSA450124TX1,2530
MOMA260108NMB,1760
OHLB360055NMB,1761
CORS060009NMB,134
LAOP190060NMB,1763
WALC500108NMB,1764
GALL110104NMB,1765
MOMA260020TX1,1766
TNDS440189NMB,1767
LAOP190183NMB,1768
PRLL400113NMB,1769
CAOP050481NMB,167
AZOB030126NMB,1771
CORS060057NMB,1772
CADN050117NMB,1773
OHLB363307NMB,1720
TXSA450108NMB,1775
MSOP250081NMB,1776
CORS060001NMB,1777
CAGS050101NMB,1778
NCNC340008NMB,1779
PADV080003NMB,1780
VATB490119NMB,1781
OHLB360161NMB,1782
WALC270014NMB,1783
NEOR280125NMB,1784
TXSB450416NMB,1785
NVLV290007TX1,1786
PADV390180NMB,1787
NJTO310012NMB,1789
TNMS440072NMB,1790
CTOP220066NMB,1791
ILIP140007NMB,1792
NYRT330401NMB,1793
FLMP100275NMB,1794
TXSA450191NMB,1795
NCCM340053NMB,1796
CTOP220065NMB,1797
OHLB360100NMB,1798
DCTC210054NMB,1799
FLMP100286N01,1800
TXGC450617NMB,1801
GALL110029NMB,2057
OHLB360212NMB,1803
GALL110125NMB,1804
GALL110115NMB,1805
PADV390119NMB,1806
ILIP143300TX1,1807
CADN050569NMB,1808
ILIP150000NMB,1809
GALL11030FNMB,1811
WALC500030NMB,1812
MIOP230013NMB,1813
ALOB013300NMB,407
OKOP370014NMB,409
PADV310091NMB,1816
AROR040001NMB,1817
ALOB010035NMB,1818
MIOP230216NMB,1604
PRLL400118NMB,1820
ILIP140135NMB,1821
NCCM420002NMB,440
OHLC360048TX1,1823
TXSB450044TX1,1824
CAOP050191TX1,1825
GALL110105NMB,1826
PADV390048NMB,1827
CAOP050742NMB,1829
MIOP230046TX1,1830
CADN050289NMB,2540
NYRT330209NMB,1832
CAOP050140NMB,1833
GALL110198NMB,1834
FLMP100079NMB,1835
MOMA260017NMB,1836
CASD050234NMB,1837
AROR040074NMB,558
SCOP420048NMB,1839
WIUW140233NMB,1840
MOMA260176NMB,1570
AZOB030013NMB,2578
MWOB260137NMB,1842
MNOP240016NMB,1843
NEOR280088TX1,1844
MWOB170019NMB,2063
NYRT330059TX1,1845
GALL110901NMB,1846
WALC270051NMB,1847
DCTC210051NMB,634
NYFL330226NMB,661
WALC500015NMB,1851
PRLL403301NMB,667
MIOP230142NMB,1853
CAOP053304NMB,2548
CADN050152NMB,1855
NVLV290054NMB,1856
KYDA180029NMB,1857
MSOP250084NMB,2065
CADN05015FNMB,1859
PATF510022N01,722
PATF510022N02,1861
ILIP140122NMB,1862
TNDS440017NMB,1863
WALC500031NMB,1864
CADN050334NMB,1865
FLFH100006NMB,1866
MAOB220012NMB,1867
NJTO310039NMB,1868
MAOB300003TX1,752
PATF510086NMB,755
MIOP230080NMB,1871
MWOB170006NMB,1872
NMOP320005NMB,1873
CADN050604NMB,1874
TXSB450132NMB,1875
NYAP330049NMB,795
VATB49008FNMB,1877
WISE520078NMB,1878
GALL110025NMB,1879
OHLB360141NMB,1880
VATB490120NMB,1881
NYWN330065NMB,1882
KYDA180038NMB,1883
MNOP240004TX1,845
MWOB260047NMB,1885
CASD050515NMB,1886
TXSB450018TX1,1887
NYRT330240NMB,880
CAOP050411NMB,1889
CAOP050243NMB,1890
CORS063301TX1,1891
PRLL400123NMB,1892
MDPC210024NMB,2071
INOP150089NMB,1894
SCOP420020NMB,2073
OHOV360000N01,1896
IAOP160910NMB,929
PADV390174NMB,1898
CADN050248NMB,1899
MAOB220111NMB,1900
FLMP100168NMB,943
DCTC490107NMB,1641
CAGS050309NMB,1904
DCTC09003FTX1,968
OHLB360065NMB,1906
LAOP190201NMB,1907
MWOB170023NMB,2075
SCOP420085NMB,1909
WALC020012NMB,2558
CAOP050369NMB,987
HIOP120014NMB,1912
TXGC450508NMB,1913
FLUF100231NMB,1914
CAOP050036NMB,1915
MAOB410007TX1,1916
TXSB450678NMB,1917
LAOP190194NMB,1013
HIOP120028NMB,2434
OKOP370018NMB,1919
LAOP190152NMB,1921
CAOP050040NMB,1922
CAOP050103NMB,1036
MDPC210056NMB,1924
ILIP140118NMB,1925
PRLL400014NMB,2292
TXSA450431NMB,1926
WISE520139NMB,1927
WALC020026NMB,1928
WISE520027NMB,1929
OKOP370032NMB,1930
PATF390122NMB,1931
MWOB260027TX1,1932
FLMP100237NMB,1095
CAOP050149NMB,1934
ILIP150126NMB,1935
GALL1636AONMB,1467
PATF390016NMB,1937
FLUF100062NMB,1938
ORUO380070NMB,1939
MAOB220036NMB,2080
NYRT330133NMB,1145
CORS060032NMB,1942
CTOP070020NMB,1153
MAOB220171TX1,1944
MIOP230270NMB,1161
OHLC360026NMB,1173
NYAP330222NMB,1947
FLWC100248NMB,1948
PADV390057NMB,1183
CORS060064TX1,1186
MIOP230019N01,1951
MNOP240106NMB,1196
GALL110184NMB,1953
PADV39009FNMB,1045
TXSB450518NMB,1211
DCTC210055NMB,1956
NEOR160028NMB,1957
MAOB220071TX1,1958
TXGC450732NMB,1628
KYDA510055NMB,1961
OHLB360010NMB,1962
CAOP050570NMB,1963
MWOB170123NMB,1964
ORUO380089NMB,1965
DCTC490043NMB,1966
CAOP050696TX1,1967
MDPC210027N01,1968
CADN050213NMB,1969
NYRT330353NMB,1970
NEOR280105NMB,1289
UTOP460023NMB,1972
PADV080007NMB,1973
MAOB223302TX1,1295
CADN050359NMB,1975
VATB490066NMB,1976
FLUF100307NMB,1977
NYRT330273NMB,1978
NYRT330234TX1,1979
NYWN330096NMB,1980
TXGC450563NMB,1981
FLFH100017NMB,1982
FLFH100006N01,1983
FLFH100006N02,1984
NYFL330277NMB,1985
CADN050038NMB,1986
FLFH100045NMB,318
ILIP140048NMB,1988
NCNC340069NMB,1989
NYRT330171NMB,1990
TNDS440009NMB,1991
PADV390223NMB,1992
NCNC340028NMB,1993
ILIP140103NMB,1994
KYDA180051NMB,1995
NYRT330357NMB,1996
TNDS440185NMB,1997
NYWN330219TX1,1849
INOP150042NMB,1999
SCOP420086NMB,2000
PADV310087N01,2001
WIUW230054NMB,2002
NYAP330094NMB,2003
UTOP460008NMB,2004
PADV390100NMB,2005
NCNC340123NMB,2006
NYAP330011NMB,2007
INOP150162NMB,2008
OKOP370106NMB,2009
FLMP100002NMB,2257
PADV310011NMB,2010
ILIP140053TX1,2012
FLUF100082NMB,2013
CAOP050616NMB,2014
NCNC340020NMB,2015
FLWC100077NMB,2016
PADV390006TX1,2017
AROR040015NMB,2018
PRLL400004NMB,666
LAOP190231N01,2020
AZOB030002TX1,1551
PADV390013NMB,2022
NYRT330009NMB,1565
WIDN520021NMB,2024
NCNC340039NMB,2025
NYRT330014NMB,51
TXSB450008NMB,2027
TXGC450184N01,1607
TXGC450184N02,2029
MDPC210010NMB,2571
DCTC490040NMB,2031
LAOP190124NMB,1638
MIOP230239NMB,2255
AZOB030001NMB,1660
OHLC360051TX1,2572
SCOP427053NMB,2036
AROR040029NMB,1959
CADN050180NMB,2038
ILIP140091NMB,2609
CASD050342NMB,2574
CORS060087NMB,2040
GALL110215NMB,2041
CADN050009NMB,2042
NYRT330101TX1,2043
PRLL400044NMB,2044
NCNC340173NMB,1731
NVLV290053NMB,2046
TNMS440127N01,2047
MOMA140125NMB,2048
OHLP360072NMB,2049
MAOB220090NMB,234
CADN050067NMB,2051
GALL110191NMB,2052
CADN050013NMB,2053
CAOP050022TX1,2054
MIOP230077NMB,2055
MSOP250138NMB,2056
OHOV360134NMB,1802
NYAP330013TX1,2058
WALC500019NMB,2059
OKOP370028TX1,2060
FLWC100052NMB,2579
SCOP420073NMB,2062
INOP150109NMB,2039
TXSA450237NMB,2064
TXSB450840NMB,1858
CAGS050414NMB,2066
WALC500001NMB,2067
SCOP420023NMB,2068
WALC500119NMB,2100
VATB490046NMB,2070
TXGC450289N02,1893
TXGC450289N01,2072
ILIP140242NMB,1895
CADN051319NMB,2074
UTOP460006N01,1908
WALC500141NMB,2076
TXSB670068NMB,2077
LAOP190054NMB,2078
CORS060046NMB,2079
PADV393301TX1,1940
MIOP230236NMB,2081
CAOP050295N01,2583
AZOB030030NMB,1214
ALOB010090NMB,2084
MIOP230020NMB,2085
MAOB070005NMB,2086
OHOV360113NMB,643
UTOP463301NMB,2088
KYDA180123NMB,2089
GALL110075NMB,2090
MIOP230072NMB,2011
MAOB220035NMB,2092
ILIP140175NMB,2093
TXSB450766NMB,2094
OHLC360253NMB,2095
NYAP470005NMB,2096
MAOB220101NMB,2097
NJTO310112NMB,2098
NJTO310115NMB,2099
TNDS440039TX1,2069
CAOP050376TX1,2101
WIUW520071NMB,2102
LAOP190045NMB,2103
OHLP360062N01,1040
CADN050228NMB,2105
WIDN520009NMB,2106
ILIP140191NMB,2107
MAOB300029NMB,2108
ALOB010049NMB,2109
PADV390001NMB,2675
ALOB010126NMB,2110
LAOP190011NMB,1351
TNDS440018NMB,2112
NEOR280005NMB,2113
WALC500039NMB,2114
CAOP050585NMB,2115
TXGC450862NMB,2116
CADN050308NMB,2117
MOMA263300TX1,2118
WIUW520037NMB,2119
LAOP190176TX1,2120
MAOB070001NMB,2121
CADN050442NMB,2122
WALC270017NMB,2123
PATF390073NMB,2124
TXSA450016NMB,2125
MNOP240061TX1,2126
MOMA260078NMB,2127
MAOB220089N01,2128
TXGC450832NMB,2129
MWOB170020NMB,2130
PADV310022N04,2131
MWOB170192NMB,2132
PADV310022N03,2133
TXSB720999NMB,2134
MOMA260065NMB,2135
VATB490042NMB,2136
KYDA180055NMB,2111
TNDS440073NMB,644
OHLC360360NMB,2139
MDPC210013NMB,2140
WISE520040NMB,2529
IAOP160110NMB,2141
WIUW520113NMB,2580
MDPC210025NMB,2142
NYWN330163NMB,2143
TXGC453050NMB,2144
TXGC450097NMB,2145
OHLC360095NMB,2146
FLMP100260NMB,2147
GALL110079NMB,2148
TXGC450064NMB,2149
PADV390158NMB,2150
MWOB260007NMB,2151
GALL110038NMB,2152
AROR040026NMB,2153
GALL110064NMB,2154
FLFH100057NMB,2155
WALC500060NMB,2156
OKOP370008NMB,2157
CAOP050235NMB,2158
VATB490095NMB,2159
UTOP460047NMB,2160
CAOP050584NMB,2161
HIOP120005NMB,2162
VATB490118TX1,2163
CAOP050420NMB,2164
PADV390067TX1,964
MAOB220046NMB,2166
IAOP160083TX1,2167
GALL110030NMB,2168
NMOP320021NMB,2169
WALC270009NMB,2170
LAOP190116NMB,303
WIUW520070NMB,2172
MWOB17005FNMB,2173
PADV390024NMB,2174
MNOP240001NMB,2175
MAOB200034NMB,2176
VATB490011NMB,2177
AZOB030010NMB,2178
ZCAN500017NMB,2179
MAOB070033NMB,2180
WALC500079NMB,2181
FLFH103399NMB,2182
MIOP233300TX1,2183
PADV390061NMB,2184
CTOP070012NMB,2185
GALL110196TX1,1603
CAOP050226NMB,2187
CAOP050455NMB,1018
MSOP250102NMB,2189
TXSB450668TX1,2190
CADN050084NMB,2191
MIOP232012NMB,2192
VATB490094NMB,2193
IAOP160047NMB,2194
MAOB22US01NMB,2195
WALC500084NMB,2196
MNOP350070NMB,2197
PADV310031NMB,2198
INOP150048NMB,2199
MNOP350017NMB,2200
CADN050305TX1,2201
IAOP160153NMB,2202
CORS060012NMB,2203
OHLB360185NMB,2204
INOP150056NMB,2206
CASD050024NMB,2207
WALC270023NMB,2208
PADV390065NMB,2209
TXSB670047NMB,2210
WISE520064NMB,2211
TNDS440035NMB,2212
TXSB450196NMB,2213
MDPC210043NMB,2214
NYRT330194NMB,2215
NYRT330076NMB,2216
MAOB300012NMB,2217
NJTO310038NMB,2218
PATF390042NMB,2219
NJTO310025NMB,2220
CAOP050597NMB,2221
NYRT330201NMB,2222
SCOP420039NMB,2223
PRLL400032NMB,2224
INOP150035NMB,2225
PATF390036NMB,2226
IAOP160064NMB,2227
AZOB033302TX1,1902
WIUW520057NMB,2369
WIDN520177TX1,1142
OHLB360087NMB,2230
MAOB300011NMB,2231
CAOP050704NMB,75
TXSA453315NMB,80
HIOP120008NMB,2234
CAOP050058NMB,2235
MNOP430077NMB,2236
MWOB260064NMB,2237
DCTC490023NMB,2238
MOMA260094NMB,2239
CAOP050534NMB,2240
SCOP420053NMB,136
WIDN520059NMB,2242
WIDN520078NMB,2243
MNOP240199NMB,148
OHOV180035N02,2245
CAOP050112NMB,2246
ILIP140181NMB,2247
CORS060013NMB,2248
MIOP230277NMB,2249
FLUF100242NMB,174
NJTO310116NMB,2251
OHLB360070NMB,2252
ALOB010114NMB,2253
OHLB360125NMB,2254
CAOP050277NMB,358
PRLL400103NMB,2256
ILIP140051NMB,81
ILIP140180NMB,2258
OKOP370215NMB,244
ILIP140209NMB,2260
TXGC450039NMB,1207
WISE520051N01,256
WIDN520189NMB,2263
TXSA450388NMB,266
LAOP190020NMB,2265
TXSB450195NMB,2266
NJTO310008NMB,2267
GALL110082TX1,299
KYDA180018NMB,2269
LAOP190135TX1,311
TXGC450148NMB,2271
NYRT330195NMB,2272
DCTC093300TX1,2273
PADV390142TX1,321
OHLB360078NMB,2275
HIOP120001NMB,2276
FLWC100166NMB,2277
SCOP420011NMB,2278
IAOP160016NMB,2279
WALC500024NMB,2280
LAOP190111NMB,2281
FLMP100258NMB,2282
NJTO310009NMB,2283
ORUO380027NMB,2284
OKOP370026NMB,2285
NJTO310090NMB,392
MNOP240038NMB,394
WIDN520008NMB,2138
HIOP120999NMB,400
CTOP073300NMB,429
TXSB450651NMB,2660
MNOP430015NMB,2291
MAOB220080NMB,456
ORUO380020NMB,2293
NJTO310005NMB,2294
ILIP140208NMB,2295
TXGC450675NMB,1303
VATB490009TX1,2297
CAGS050174TX1,2298
NYWN330111NMB,2299
NYRT330204NMB,778
PATF510006NMB,540
MSOP250040NMB,2302
TXGC670024NMB,547
FLMP100276NMB,2304
ILIP140148TX1,2305
NYRT330395NMB,2306
CADN050764NMB,2307
UTOP460010NMB,2308
TXSA450119N02,2309
NMOP320046NMB,2310
PADV310113NMB,2311
CORS060027NMB,2312
CADN050057NMB,2313
TXSB45070FNMB,2314
NJTO310021NMB,2315
NCCM340032NMB,616
TXGC450040NMB,623
PATF510029NMB,2318
KYDA180132NMB,2319
WIDN520051NMB,2509
AZOB030093NMB,2320
NYRT330012TX1,2321
NYFL330125NMB,2322
MOMA260040NMB,2546
MAOB220070NMB,673
PATF390163NMB,2324
TNDS440176NMB,2325
LAOP190146NMB,2626
CADN053305TX1,2327
MAOB220089NMB,712
NYAP330232NMB,2329
TXSA450388N05,2330
MOMA260104TX1,2331
ALOB010029NMB,2332
TXSB450118NMB,2333
PADV390133TX1,2334
MAOB300034NMB,2335
ILIP140206NMB,2336
MDPC210040NMB,1828
PRLL400995N01,2338
GALL110006NMB,2339
MSOP250078NMB,2340
VATB490028NMB,2341
NYWN330102NMB,756
CAOP050245TX1,2343
GALL110016NMB,2344
UTOP460015NMB,2345
LAOP190025NMB,2346
NCNC340041NMB,2347
NJTO310006NMB,2348
OHOV180035NMB,810
VATB490013NMB,2350
MNOP430014NMB,2351
FLUF100088N02,855
FLUF100088N01,2353
PADV390101NMB,2354
LAOP191321NMB,869
ALOB010005NMB,871
WISE520103NMB,2357
CASD050583NMB,2358
MWOB170122TX1,2359
MAOB410008NMB,2360
TXSB450054TX1,2361
GALL110230NMB,2362
OHOV360236NMB,2363
NJTO310040NMB,894
ORUO380047NMB,2365
ALOB010028NMB,2366
PADV390081NMB,2367
OHOV360016NMB,2368
NJTO310017NMB,908
OHOV360076NMB,2370
TXGC450358TX1,2371
NJTO310010NMB,2372
ZCAN270012NMB,2373
MDPC210008NMB,2374
NCNC340115NMB,2375
AZOB030100NMB,2376
AZOB030043NMB,2377
FLWC100069NMB,2378
OKOP370176NMB,2379
TXSB450032NMB,2380
VATB490015NMB,2381
TXGC450419NMB,2382
ALOB010001NMB,2383
MNOP240047NMB,975
GALL110087N01,2385
GALL110007NMB,2386
PATF390037NMB,2387
KYDA180088N01,2388
MWOB260138TX1,2389
NYAP330044NMB,2390
FLMP100050NMB,1028
NCNC340114NMB,2392
MIOP230199NMB,2393
INOP150153NMB,2394
AROR040022N01,2395
KYDA180014TX1,2396
GALL110163NMB,2397
TXSB450647TX1,1050
NJTO310119TX1,1076
ORUO380009TX1,2401
FLMP100200NMB,2402
CAGS050017NMB,2403
PATF393302TX1,2404
CADN050336NMB,2405
TNDS440063TX1,2406
NCNC340147NMB,2635
CASD053511NMB,193
PRLL400124TX1,2408
CAOP050315NMB,2409
CAOP050231NMB,2410
CAOP050129TX1,2411
WALC500072NMB,2412
VATB510008NMB,2413
TXSA450713NMB,2414
FLWC100046NMB,2415
MDPC210007NMB,2416
KYDA180040NMB,2417
CADN050380NMB,2418
AZOB030086NMB,2419
NYRT330086NMB,2420
GALL110107NMB,2421
DCTC210035NMB,1188
TXSB450469NMB,1203
INOP150011NMB,2424
CADN050232NMB,2425
FLFH100084NMB,2426
PATF390157NMB,2427
OKOP370094NMB,2428
TXSB450025NMB,1223
NYRT330198NMB,2430
FLWC100047NMB,2432
GALL110018NMB,2433
MIOP230254NMB,2399
GALL110036NMB,2435
FLWC100063NMB,2436
GALL110135NMB,2437
AROR040114TX1,2568
MOMA140140NMB,2438
CAOP050551NMB,2439
CAOP050471NMB,2440
FLMP100009NMB,2441
ALOB010025NMB,2442
CAOP050382NMB,2443
CAOP050230NMB,2444
VATB490005NMB,2445
CADN050283N01,2446
GALL110089NMB,2447
MIOP230174NMB,2448
NCNC340091NMB,1340
INOP150154NMB,2450
FLWC100128TX1,2451
NVLV290039NMB,2452
UTOP460013NMB,2453
CAOP050550NMB,2454
WISE520044NMB,2455
TNDS440030NMB,2456
CADN050047NMB,2457
MIOP230121NMB,2648
CADN050710NMB,2459
CAOP050727NMB,2460
MDPC210006NMB,2461
MIOP230041NMB,2463
MOMA263301TX1,2464
CAOP050394NMB,2465
ILIP140281TX1,2466
MIOP230167NMB,2171
CAOP050477NMB,2468
VATB490019NMB,2469
FLMPBAHAMANMB,2470
OHLC360081NMB,1446
NYFL330211NMB,2472
VATB490112NMB,2462
MWOB260090NMB,2474
WISE520096NMB,1594
NYRT330236NMB,2476
CADN050464NMB,2477
PADV390222NMB,2478
INOP150058NMB,2479
ILIP140133NMB,2480
AZOB030087NMB,2481
TNDS440104NMB,2482
FLUF100212NMB,2483
TXGC450068IT1,1511
PADV390174TX1,2652
TXGC450706NMB,2487
PATF390154NMB,2488
MNOP240906TX1,2489
AZOB030119NMB,2490
PADV310061NMB,2491
MNOP240063NMB,2492
TXGC450135TX1,1542
WIUW520066NMB,2494
WALC270013NMB,2495
NYRT33005ANMB,2496
MOMA260103NMB,2497
CADN050367NMB,1582
MIOP230222NMB,2499
KYDA180012NMB,2500
VATB490059NMB,2501
MWOB170012NMB,2502
ILIP140132NMB,2503
GALL110043NMB,2504
NYRT330199NMB,2505
TNMS250141NMB,1620
PADV080002NMB,2507
OHLB360101NMB,2508
FLUF100113TX1,1650
NYRT330169NMB,2510
NJTO310013NMB,2512
MWOB260095NMB,2513
NYWN330239NMB,2514
CADN050320NMB,2515
GALL110034TX1,2516
ILIP14000HN01,2517
MDPC210011NMB,1698
PADV390242NMB,2519
MWOB260141NMB,2520
KYDA180088TX1,2521
FLWC100279NMB,2522
PATF39012FTX1,2523
FLFH100162NMB,2524
NEOR280061NMB,2525
NVLV290045NMB,2526
HIOP120026NMB,2527
TXSB450015TX1,2528
PADV310086NMB,2205
HIOP120027NMB,1759
ALOB010040NMB,2531
AZOB030094NMB,2532
TXGC450035NMB,2533
MDPC210001NMB,2534
CAOP050678NMB,2536
WIUW230101NMB,2537
GALL110078NMB,2538
FLFH100092NMB,2539
INOP150059NMB,1831
NYRT330167NMB,2541
MNOP240075NMB,2542
CAOP050327TX1,2543
NJTO310028NMB,2544
LAOP190007NMB,2545
MIOP230031NMB,2431
MAOB200039N01,2547
CASD050503NMB,1854
TXSB670002NMB,2549
ALOB010087NMB,2550
PRLL400079NMB,2551
NMOP320018NMB,2552
UTOP460005NMB,2553
ORUO380017TX1,2554
CASD050025TX1,2555
NYRT330128NMB,2556
CADN050308TX1,2557
NYRT330160NMB,1910
CAOP050393NMB,2035
PADV393303TX1,2186
OHLP360035N01,2561
PATF510048NMB,2562
NYRT330246NMB,2563
NEOR280030TX1,2564
MAOB220006NMB,2565
MAOB220031TX1,839
TNMS44013FNMB,2567
OHLB360143NMB,2188
NCNC340047TX1,2569
MAOB220017NMB,2570
CAOP050350NMB,2030
FLWC100075TX1,2034
PADV390126NMB,1533
ALOB010085NMB,403
WISE520177TX1,2575
CORS060008NMB,2576
CORS068816NMB,2577
AROR040036NMB,118
PATF390131NMB,2061
DCTC21007FNMB,697
OHLC360068NMB,2586
MIOP230102NMB,2581
CAOP050561NMB,2582
ALOB010092NMB,2082
NVLV290003TX1,2584
MOMA260200NMB,2585
NYWN330279NMB,1920
NYFL330175NMB,2587
NEOR280032NMB,2511
INOP150128NMB,2589
ILIP140179NMB,2590
SCOP420064NMB,2591
NEOR280060NMB,2592
PADV390116NMB,2593
MSOP250050NMB,2594
LAOP190019NMB,2595
PRLL400022NMB,2596
ALOB010145NMB,2597
MNOP350019NMB,2598
CADN050093NMB,2599
TNDS440019NMB,2600
NYAP330394NMB,2601
WISE520021NMB,2602
LAOP190064NMB,2603
FLUF100226NMB,2604
ORUO380082NMB,2605
NYWN330354NMB,2606
INOP150173NMB,2607
FLFH100007N03,2608
FLFH100007N02,1365
FLFH100007N01,2610
ALOB010094NMB,2611
FLFH100007N04,2612
WALC500016NMB,2613
MAOB070031NMB,2614
CAGS050498NMB,2615
CORS060114NMB,2616
MWOB170182NMB,2617
CADN050760NMB,2618
MIOP230039TX1,2619
CASD050045NMB,2670
ILIP140250NMB,2621
TNDS440161TX1,2622
TXSB450822NMB,2623
CAOP050069TX1,617
OHLP360118NMB,2625
FLMP100061NMB,2326
WIUW140239NMB,2627
ILIP140018NMB,2628
NEOR280065NMB,2629
DCTC090008NMB,2630
ILIP150002NMB,2631
GALL110041NMB,2632
GALL110150NMB,2633
CADN050079NMB,2634
NCCM340098NMB,825
FLMP100314NMB,2636
CADN050276NMB,2637
TNDS440015TX1,2638
NYFL330265NMB,2639
MIOP230132TX1,2640
TXGC450844NMB,2641
NCNC340010NMB,2642
AZOB030023NMB,2643
NYRT330242NMB,2484
ALOB010054NMB,2645
PATF390145NMB,2646
AROR040007NMB,2647
VATB490071NMB,2458
FLWC100055NMB,2649
UTOP460009TX1,2650
VATB490110NMB,2651
FLWC100015NMB,2486
CAGS050516NMB,2653
INOP150005NMB,2654
CAOP050517NMB,2655
GALL110083TX1,2656
CAOP050603NMB,2657
OKOP370001NMB,2658
LAOP190111N01,2659
LAOP190111N02,2535
PRLL400104NMB,2661
FLWC100302NMB,2662
PADV390098NMB,1662
MWOB260068NMB,2664
TXSA670034NMB,2665
SCOP420018TX1,1810
NYRT330193NMB,2667
VATB490048NMB,2668
CADN290019NMB,2669
CAOP050573TX1,2620
KYDA180004NMB,2671
PRLL480002NMB,2672
OHLP360066NMB,2673
OHLC360239NMB,2674
WIDN52US03NMB,1439
AROR040055NMB,2676
MOMA260014TX1,2677
IAOP160031NMB,2678
CADN050690NMB,2679
ORUO380037NMB,2680
