,ALUA - University of Alabama Hospital,ARUA - UAMS Medical Center,AZGS - Banner-University Medical Center Phoenix,AZMC - Mayo Clinic Hospital,AZSJ - St. Joseph's Hospital and Medical Center,AZUA - Banner University Medical Center-Tucson,CACS - Cedars-Sinai Medical Center,CAGH - Scripps Green Hospital,CALL - Loma Linda University Medical Center,CAMB - UCSF Medical Center at Mission Bay,CAPM - California Pacific Medical Center-Van Ness Campus,CASD - University of California San Diego Medical Center,CASF - University of California San Francisco Medical Center,CASU - Stanford Health Care,CAUC - University of California at Los Angeles Medical Center,CAUH - Keck Hospital of USC,COPM - Centura Porter Adventist Hospital ,COSL - Presbyterian/St Luke's Medical Center,COUC - University of Colorado Hospital/Health Science Center,CTHH - Hartford Hospital,CTYN - Yale New Haven Hospital,DCGU - Georgetown University Medical Center,FLBC - Broward Health Medical Center,FLCC - Cleveland Clinic Florida Weston,FLFH - AdventHealth Orlando,FLJM - Jackson Memorial Hospital University of Miami School of Medicine,FLLM - Largo Medical Center,FLSL - Mayo Clinic Florida,FLTG - Tampa General Hospital,FLUF - UF Health Shands Hospital,GAEM - Emory University Hospital,GAPH - Piedmont Hospital,HIQM - The Queen's Medical Center,IAIV - University of Iowa Hospitals and Clinics Transplant Programs,ILLU - Loyola University Medical Center,ILNM - Northwestern Memorial Hospital,ILPL - Rush University Medical Center,ILUC - University of Chicago Medical Center,ILUI - University of Illinois Medical Center,INIM - Indiana University Health,KSUK - University of Kansas Hospital,KYJH - Jewish Hospital,KYUK - University of Kentucky Medical Center,LAOF - Ochsner Foundation Hospital,LATU - Tulane Medical Center,LAWK - Willis-Knighton Medical Center,MABI - Beth Israel Deaconess Medical Center,MALC - Lahey Clinic Medical Center,MAMG - Massachusetts General Hospital,MAUM - UMass Memorial Medical Center,MDJH - Johns Hopkins Hospital,MDUM - University of Maryland Medical System,MIBH - William Beaumont Hospital,MIHF - Henry Ford Hospital,MIUM - University of Michigan Medical Center,MNMC - Rochester Methodist Hospital (Mayo Clinic),MNSM - Saint Marys Hospital (Mayo Clinic),"MNUM - University of Minnesota Medical Center, Fairview",MOBH - Barnes-Jewish Hospital,MOLH - St Luke's Hospital of Kansas City,MOSL - SSM Health Saint Louis University Hospital,MSUM - University of Mississippi Medical Center,NCCM - Carolinas Medical Center,NCDU - Duke University Hospital,NCMH - University of North Carolina Hospitals,NEUN - The Nebraska Medical Center,NJLL - Our Lady of Lourdes Medical Center,NJUH - University Hospital,NYCP - NY Presbyterian Hospital/Columbia Univ. Medical Center,"NYFL - Strong Memorial Hospital, University of Rochester Medical Center",NYMA - Montefiore Medical Center,NYMS - Mount Sinai Medical Center,NYNY - New York-Presbyterian Hospital/Weill Cornell Medical Center,NYUC - New York University Medical Center,NYWC - Westchester Medical Center,OHCC - The Cleveland Clinic Foundation,OHOU - Ohio State University Medical Center,OHUC - University of Cincinnati Medical Center,OHUH - University Hospitals of Cleveland,OKBC - Integris Baptist Medical Center,OKMD - OU Medical Center,ORUO - Oregon Health and Science University,ORVA - VA Portland Health Care System,PAAE - Albert Einstein Medical Center,PAAG - Allegheny General Hospital,PAGM - Geisinger Medical Center,PAHE - Penn State Milton S Hershey Medical Center,PAHM - Hahnemann University Hospital,PAPT - University of Pittsburgh Medical Center,PATJ - Thomas Jefferson University Hospital,PATU - Temple University Hospital,PAUP - Hospital of the University of Pennsylvania,PAVA - VA Pittsburgh Healthcare System,PRSJ - Auxilio Mutuo Hospital,SCMU - Medical University of South Carolina,SDMK - Avera McKennan Hospital,TNMH - Methodist University Hospital,TNVU - Vanderbilt University Medical Center and Nashville VA Medical Center,TXAS - Baylor Scott and White All Saints Medical Center-Fort Worth,"TXBC - University Hospital, University of Texas Health Science Center","TXHH - Memorial Hermann Hospital, University of Texas at Houston",TXHI - CHI St. Luke's Health Baylor College of Medicine Medical Center,TXHS - Methodist Specialty and Transplant Hospital,TXJS - University of Texas Medical Branch at Galveston,TXMC - Methodist Dallas Medical Center,TXMH - Houston Methodist Hospital,TXSP - UT Southwestern Medical Center/William P. Clements Jr. University Hospital,TXTX - Baylor University Medical Center,TXVA - Michael E. DeBakey VA Medical Center,UTLD - Intermountain Medical Center,UTMC - University of Utah Medical Center,VAMC - Medical College of Virginia Hospitals,VAUV - University of Virginia Health Sciences Center,WASM - Swedish Medical Center,WAUW - University of Washington Medical Center,WISE - Froedtert Memorial Lutheran Hospital,WISL - Aurora St. Luke's Medical Center,WIUW - University of Wisconsin Hospital and Clinics
ALOB - Legacy of Hope,0,371.535,1702.703,1702.703,1702.703,1591.036,2032.098,2004.102,1993.359,2332.933,2332.933,1997.791,2332.933,2307.974,2032.098,2032.098,1330.525,1330.525,1320.602,1084.638,1049.697,742.102,725.294,735.109,525.05,747.613,563.354,432.492,542.886,417.837,146.281,146.281,Too far,757.758,670.96,661.082,661.082,661.082,661.082,478.193,748.734,365.106,403.862,343.197,343.197,451.388,1184.954,1187.48,1184.954,1146.47,776.801,776.801,736.223,723.209,711.247,1013.1,1013.1,1073.832,499.202,745.348,499.202,236.972,390.229,530.99,527.274,932.437,902.493,951.845,961.358,963.521,971.628,961.358,961.358,961.358,994.754,711.289,568.893,462.184,711.289,703.96,703.96,2579.543,2579.543,900.09,747.877,856.917,807.358,900.09,747.877,900.09,900.09,900.09,747.877,Too far,464.234,1107.059,234.3,191.429,672.819,862.448,666.694,666.694,862.448,684.966,637.507,666.694,637.507,637.507,666.694,1857.852,1854.507,690.013,622.512,2642.112,2642.112,751.109,751.109,811.798
AROR - Arkansas Regional Organ Recovery Agency,370.794,0,1342.817,1342.817,1342.817,1271.746,1665.903,1684.812,1627.165,1966.739,1966.739,1678.502,1966.739,1941.776,1665.903,1665.903,964.33,964.33,954.407,1354.478,1319.538,1011.941,1125.793,1135.609,925.55,1148.113,963.855,832.932,943.387,818.336,516.943,516.943,Too far,592.08,658.28,650.349,650.349,650.349,650.349,581.904,425.036,528.608,567.363,443.426,443.426,213.529,1454.794,1457.32,1454.794,1416.31,1046.641,1046.641,880.795,867.782,855.584,821.828,821.828,855.358,345.84,421.862,345.84,264.104,754.171,862.9,859.184,612.423,1172.332,1221.684,1231.198,1127.024,1241.47,1231.198,1231.198,1231.198,1264.594,874.792,732.396,625.687,874.792,337.764,337.764,2213.349,2213.349,1169.93,914.123,1137.879,1077.197,1169.93,914.123,1169.93,1169.93,1169.93,914.123,Too far,834.895,787.045,135.464,346.89,351.346,592.054,439.393,439.393,592.054,487.79,318.964,439.393,318.964,318.964,439.393,1491.658,1488.312,959.852,892.352,2287.027,2287.027,739.065,739.065,705.552
AZOB - Donor Network of Arizona,1702.842,1342.878,0,0,0,113.009,373.012,361.539,315.896,752.366,752.366,355.229,752.366,727.402,373.012,373.012,821.423,821.423,907.681,2591.156,2567.345,2347.045,2339.516,2349.334,2139.216,2361.838,2177.57,2046.596,2157.101,2032.003,1847.289,1847.289,Too far,1664.635,1797.825,1802.729,1802.729,1802.729,1802.729,1749.06,1252.851,1766.581,1842.69,1521.388,1521.388,1252.454,2691.472,2694.001,2691.472,2652.991,2348.979,2348.979,2047.824,2034.811,2014.159,1760.492,1760.492,1794.022,1506.994,1255.684,1506.994,1469.728,2091.238,2200.614,2196.897,1329.916,2400.393,2454.461,2463.976,2322.939,2494.339,2463.976,2463.976,2463.976,2512.401,2065.657,1924.637,1855.528,2065.657,1006.699,1006.699,1332.936,1332.936,2397.991,2113.66,2333.788,2312.322,2397.991,2113.66,2397.991,2397.991,2397.991,2113.66,Too far,2165.239,1494.296,1473.188,1684.614,1032.986,981.117,1175.187,1175.187,981.117,1225.245,1065.452,1175.187,1065.452,1065.452,1175.187,644.787,652.425,2297.576,2230.074,1490.834,1490.834,1886.122,1886.122,1845.17
CAOP - OneLegacy,2030.576,1664.937,372.631,372.631,372.631,485.694,0,111.67,59.166,382.991,382.991,120.087,382.991,358.027,0,0,1016.972,1016.972,1031.456,2895.943,2872.132,2669.099,2712.152,2721.97,2511.906,2734.474,2550.209,2419.289,2529.74,2404.693,2176.728,2176.728,Too far,1798.604,2008.718,2018.597,2018.597,2018.597,2018.597,2071.118,1616.575,2088.64,2164.747,1894.074,1894.074,1625.139,2996.259,2998.788,2996.259,2957.779,2671.033,2671.033,2285.188,2283.484,2242.302,1893.503,1893.503,1927.033,1829.053,1619.409,1829.053,1842.413,2413.957,2522.681,2518.964,1553.058,2722.447,2784.685,2793.609,2605.497,2799.127,2793.609,2793.609,2793.609,2817.188,2348.127,2246.691,2177.589,2348.127,1328.757,1328.757,963.56,963.56,2720.045,2435.714,2638.576,2634.376,2720.045,2435.714,2720.045,2720.045,2720.045,2435.714,Too far,2494.678,1691.024,1795.247,2006.672,1405.672,1353.803,1547.873,1547.873,1353.803,1597.931,1438.138,1547.873,1438.138,1438.138,1547.873,680.704,688.341,2619.637,2552.136,1135.493,1135.493,2059.07,2059.07,1979.139
CASD - Lifesharing - A Donate Life Organization,1998.2,1679.038,355.333,355.333,355.333,408.366,120.493,12.746,104.809,501.757,501.757,0,501.757,476.793,120.493,120.493,1078.372,1078.372,1092.857,2957.347,2933.536,2689.116,2634.826,2644.644,2434.58,2657.148,2472.883,2341.963,2452.414,2327.368,2142.649,2142.649,Too far,1860.006,2070.117,2079.996,2079.996,2079.996,2079.996,2093.982,1677.977,2111.505,2187.611,1816.746,1816.746,1547.811,3057.663,3060.192,3057.663,3019.182,2693.897,2693.897,2346.591,2344.887,2303.706,1954.904,1954.904,1988.434,1851.917,1680.811,1851.917,1765.086,2386.601,2527.357,2523.64,1614.46,2745.311,2846.088,2855.013,2666.901,2860.53,2855.013,2855.013,2855.013,2878.592,2409.531,2269.555,2200.453,2409.531,1351.622,1351.622,1082.325,1082.325,2742.909,2458.578,2699.979,2657.24,2742.909,2458.578,2742.909,2742.909,2742.909,2458.578,Too far,2460.6,1752.425,1812.641,2024.066,1328.345,1276.474,1470.544,1470.544,1276.474,1520.602,1360.81,1470.544,1360.81,1360.81,1470.544,742.105,749.742,2637.031,2569.53,1254.257,1254.257,2120.474,2120.474,2040.541
CADN - Donor Network West,2300.429,1934.791,722.984,722.984,722.984,836.046,352.207,463.761,409.519,36.428,36.428,472.178,36.428,43.817,352.207,352.207,1264.689,1264.689,1272.284,3009.537,2985.725,2817.958,3062.495,3072.313,2862.249,3084.817,2900.552,2769.632,2880.083,2755.037,2446.585,2446.585,Too far,1912.196,2122.305,2132.184,2132.184,2132.184,2132.184,2271.189,1806.464,2357.346,2433.452,2244.416,2244.416,1889.428,3109.852,3112.381,3109.852,3071.372,2819.892,2819.892,2398.781,2397.077,2355.895,2007.095,2007.095,2040.625,2060.475,1808.588,2060.475,2106.7,2683.813,2792.537,2788.82,1666.651,2878.707,2898.278,2907.202,2719.09,2912.72,2907.202,2907.202,2907.202,2930.781,2461.72,2444.395,2383.85,2461.72,1598.611,1598.611,631.309,631.309,2876.305,2577.679,2752.169,2790.636,2876.305,2577.679,2876.305,2876.305,2876.305,2577.679,Too far,2764.535,1742.087,2065.1,2276.527,1679.962,1704.15,1898.221,1898.221,1704.15,1948.279,1705.54,1898.221,1705.54,1705.54,1898.221,739.119,732.556,2918.813,2851.311,803.241,803.241,2172.665,2172.665,2092.734
CAGS - Sierra Donor Services,2324.595,1958.955,754.172,754.172,754.172,867.234,383.395,494.949,440.707,85.529,85.529,503.366,85.529,113.498,383.395,383.395,1185.737,1185.737,1193.332,2930.586,2906.774,2739.007,3093.685,3103.503,2893.439,3116.007,2931.742,2800.822,2911.273,2786.227,2470.75,2470.75,Too far,1833.244,2043.359,2053.238,2053.238,2053.238,2053.238,2192.237,1727.512,2278.394,2354.501,2275.606,2275.606,1913.592,3030.901,3033.43,3030.901,2992.421,2740.941,2740.941,2319.83,2318.126,2276.944,1928.143,1928.143,1961.673,1981.523,1729.636,1981.523,2130.864,2731.403,2819.965,2816.249,1587.699,2799.756,2819.327,2828.251,2640.14,2833.769,2828.251,2828.251,2828.251,2851.83,2382.769,2365.443,2304.898,2382.769,1622.776,1622.776,582.09,582.09,2797.354,2498.728,2673.218,2711.685,2797.354,2498.728,2797.354,2797.354,2797.354,2498.728,Too far,2788.701,1663.136,2089.266,2325.044,1704.127,1735.338,1929.408,1929.408,1735.338,1979.466,1729.705,1929.408,1729.705,1729.705,1929.408,660.167,653.604,2839.861,2772.36,754.022,754.022,2093.712,2093.712,2013.779
CORS - Donor Alliance,1329.924,964.286,820.797,820.797,820.797,894.179,1017.506,1078.201,978.766,1271.436,1271.436,1078.742,1271.436,1299.405,1017.506,1017.506,0,0,10.449,1884.927,1861.113,1678.413,2039.561,2049.379,1839.32,2061.882,1877.626,1746.76,1857.156,1732.106,1402.08,1402.08,Too far,787.594,997.703,1007.582,1007.582,1007.582,1007.582,1085.477,600.864,1109.318,1185.427,1314.893,1314.893,981.726,1985.243,1987.769,1985.243,1946.759,1680.35,1680.35,1274.179,1272.473,1231.293,882.496,882.496,916.026,850.414,603.697,850.414,1199.001,1562.317,1650.893,1647.178,542.049,1754.101,1773.667,1782.592,1594.472,1788.108,1782.592,1782.592,1782.592,1806.17,1337.106,1261.053,1191.944,1337.106,677.308,677.308,1260.067,1260.067,1751.699,1453.065,1627.556,1666.027,1751.699,1453.065,1751.699,1751.699,1751.699,1453.065,Too far,1705.293,678.838,1094.595,1155.972,772.263,955.757,1031.255,1031.255,955.757,1081.313,797.84,1031.255,797.84,797.84,1031.255,538.372,535.028,1670.788,1603.288,1333.737,1333.737,1048.054,1048.054,968.13
FLUF - LifeQuest Organ Recovery Services,417.092,818.434,2031.543,2031.543,2031.543,1919.876,2404.594,2332.943,2347.479,2783.943,2783.943,2326.634,2783.943,2758.984,2404.594,2404.594,1733.304,1733.304,1723.381,1118.129,1080.774,777.626,312.386,322.201,112.144,334.707,150.448,71.08,129.979,0,330.163,330.163,Too far,1143.47,1056.672,1046.791,1046.791,1046.791,1046.791,863.904,1134.447,750.817,709.628,532.89,532.89,794.587,1216.566,1219.092,1216.566,1178.082,816.3,816.3,1064.37,1051.357,1039.394,1398.813,1398.813,1459.544,884.914,1131.061,884.914,580.171,451.361,546.779,550.207,1318.15,919.026,994.049,1002.91,1173.482,1012.08,1002.91,1002.91,1002.91,1030.139,963.972,873.258,790.331,963.972,1150.859,1150.859,2982.326,2982.326,917.565,896.589,955.249,900.951,917.565,896.589,917.565,917.565,917.565,896.589,Too far,306.507,1492.772,681.199,578.944,1016.018,1052.504,856.75,856.75,1052.504,875.022,980.706,856.75,980.706,980.706,856.75,2260.629,2257.285,665.858,735.201,3027.822,3027.822,1136.82,1136.82,1197.509
FLFH - TransLife,532.668,934.011,2147.116,2147.116,2147.116,2035.451,2520.166,2448.518,2463.051,2899.516,2899.516,2442.208,2899.516,2874.557,2520.166,2520.166,1848.881,1848.881,1838.958,1184.56,1147.204,844.057,219.486,229.302,7.382,241.807,112.973,134.89,92.171,120.098,445.74,445.74,Too far,1259.047,1172.249,1162.369,1162.369,1162.369,1162.369,979.481,1250.024,866.394,825.204,648.467,648.467,910.163,1282.996,1285.523,1282.996,1244.513,882.73,882.73,1147.586,1134.573,1122.609,1514.391,1514.391,1575.121,1000.492,1246.638,1000.492,695.747,517.792,613.209,616.637,1433.727,985.457,1060.478,1069.34,1239.913,1078.511,1069.34,1069.34,1069.34,1096.569,1030.402,939.689,905.907,1030.402,1266.437,1266.437,3097.904,3097.904,983.995,963.021,1021.68,967.381,983.995,963.021,983.995,983.995,983.995,963.021,Too far,372.938,1608.349,796.776,694.521,1131.596,1168.08,972.327,972.327,1168.08,990.599,1096.284,972.327,1096.284,1096.284,972.327,2376.206,2372.862,732.289,801.632,3143.4,3143.4,1252.397,1252.397,1313.086
FLMP - Life Alliance Organ Recovery Agency,747.28,1148.625,2361.729,2361.729,2361.729,2250.066,2734.779,2663.131,2677.664,3114.129,3114.129,2656.821,3114.129,3089.169,2734.779,2734.779,2063.493,2063.493,2053.571,1392.959,1355.603,1052.455,27.64,33.508,233.924,0,280.386,343.287,279.502,334.71,660.353,660.353,Too far,1473.658,1386.862,1376.982,1376.982,1376.982,1376.982,1194.095,1464.635,1081.007,1039.816,863.08,863.08,1124.777,1491.395,1493.921,1491.395,1452.911,1091.128,1091.128,1355.982,1342.968,1331.004,1729.003,1729.003,1789.733,1215.102,1461.248,1215.102,910.36,726.189,821.607,825.035,1648.338,1193.856,1268.877,1277.738,1448.31,1286.91,1277.738,1277.738,1277.738,1304.968,1238.8,1148.083,1120.518,1238.8,1511.544,1511.544,3312.516,3312.516,1192.393,1171.417,1230.078,1175.78,1192.393,1171.417,1192.393,1192.393,1192.393,1171.417,Too far,581.335,1822.96,1011.391,909.134,1346.209,1382.693,1186.941,1186.941,1382.693,1205.211,1310.897,1186.941,1310.897,1310.897,1186.941,2590.818,2587.474,940.686,1010.029,3358.006,3358.006,1467.01,1467.01,1527.698
FLWC - LifeLink of Florida,542.389,943.731,2156.837,2156.837,2156.837,2045.172,2529.887,2458.238,2472.771,2909.236,2909.236,2451.929,2909.236,2884.277,2529.887,2529.887,1858.602,1858.602,1848.679,1245.402,1208.046,904.898,263.129,245.885,84.962,278.928,22.223,198.352,0,129.818,455.46,455.46,Too far,1268.768,1181.97,1172.09,1172.09,1172.09,1172.09,989.202,1259.745,876.115,834.925,658.187,658.187,919.884,1343.838,1346.364,1343.838,1305.354,943.571,943.571,1189.666,1176.653,1164.689,1524.112,1524.112,1584.842,1010.212,1256.358,1010.212,705.468,578.633,674.05,677.478,1443.448,1046.299,1121.32,1130.181,1300.755,1139.353,1130.181,1130.181,1130.181,1157.411,1091.245,1022.337,915.628,1091.245,1276.158,1276.158,3107.625,3107.625,1044.837,1023.862,1082.52,1028.222,1044.837,1023.862,1044.837,1044.837,1044.837,1023.862,Too far,433.779,1618.07,806.496,704.241,1141.316,1177.8,982.047,982.047,1177.8,1000.319,1106.004,982.047,1106.004,1106.004,982.047,2385.928,2382.583,793.13,862.473,3153.12,3153.12,1262.118,1262.118,1322.807
GALL - LifeLink of Georgia,165.489,536.828,1866.484,1866.484,1866.484,1754.817,2197.392,2167.883,2158.65,2498.222,2498.222,2161.573,2498.222,2473.263,2197.392,2197.392,1407.403,1407.403,1397.481,986.582,951.643,621.67,653.467,663.282,453.224,675.787,491.528,360.665,471.059,346.011,20.38,20.38,Too far,817.567,730.77,720.891,720.891,720.891,720.891,538.002,808.544,424.916,383.725,489.428,489.428,615.169,1086.9,1089.426,1086.9,1048.416,678.746,678.746,738.465,725.452,713.49,1072.91,1072.91,1133.641,559.012,805.157,559.012,400.754,226.544,367.304,363.589,992.246,804.438,853.789,863.302,944.173,873.573,863.302,863.302,863.302,896.698,713.533,571.136,464.427,713.533,869.252,869.252,2656.422,2656.422,802.035,667.28,758.862,709.303,802.035,667.28,802.035,802.035,802.035,667.28,Too far,326.909,1166.868,399.594,253.041,836.6,1009.042,813.288,813.288,1009.042,831.56,801.288,813.288,801.288,801.288,813.288,1934.73,1931.385,514.636,493.86,2701.921,2701.921,810.918,810.918,871.606
HIOP - Legacy of Life Hawaii,Too far,Too far,Too far,Too far,Too far,Too far,Too far,Too far,Too far,Too far,Too far,Too far,Too far,Too far,Too far,Too far,Too far,Too far,Too far,Too far,Too far,Too far,Too far,Too far,Too far,Too far,Too far,Too far,Too far,Too far,Too far,Too far,0,Too far,Too far,Too far,Too far,Too far,Too far,Too far,Too far,Too far,Too far,Too far,Too far,Too far,Too far,Too far,Too far,Too far,Too far,Too far,Too far,Too far,Too far,Too far,Too far,Too far,Too far,Too far,Too far,Too far,Too far,Too far,Too far,Too far,Too far,Too far,Too far,Too far,Too far,Too far,Too far,Too far,Too far,Too far,Too far,Too far,Too far,Too far,Too far,Too far,Too far,Too far,Too far,Too far,Too far,Too far,Too far,Too far,Too far,Too far,Too far,Too far,Too far,Too far,Too far,Too far,Too far,Too far,Too far,Too far,Too far,Too far,Too far,Too far,Too far,Too far,Too far,Too far,Too far,Too far,Too far,Too far,Too far,Too far,Too far,Too far
IAOP - Iowa Donor Network,767.244,598.621,1662.241,1662.241,1662.241,1647.841,1796.393,1857.087,1757.654,1913.152,1913.152,1857.628,1913.152,1941.121,1796.393,1796.393,782.649,782.649,784.83,1106.58,1082.766,915.001,1459.345,1469.162,1259.103,1481.666,1297.41,1166.544,1276.94,1151.889,821.864,821.864,Too far,9.246,219.356,229.235,229.235,229.235,229.235,368.238,307.265,482.477,560.721,929.345,929.345,810.854,1206.896,1209.422,1206.896,1168.412,916.937,916.937,495.832,494.125,452.945,186.816,186.816,293.904,269.06,304.229,269.06,744.394,941.73,972.953,969.238,246.077,975.753,995.321,1004.246,816.129,1009.762,1004.246,1004.246,1004.246,1027.822,558.762,541.445,480.899,558.762,655.716,655.716,1901.781,1901.781,973.35,674.721,849.21,887.678,973.35,674.721,973.35,973.35,973.35,674.721,Too far,1099.568,390.638,537.723,575.756,852.955,1117.363,1044.527,1044.527,1117.363,1094.586,807.999,1044.527,807.999,807.999,1044.527,1180.088,1176.743,992.847,925.346,1925.682,1925.682,269.707,269.707,174.815
ILIP - Gift of Hope Organ & Tissue Donor Network,713.16,665.071,1796.838,1796.838,1796.838,1782.438,2007.66,2068.354,1968.921,2124.417,2124.417,2068.898,2124.417,2152.389,2007.66,2007.66,993.914,993.914,996.095,918.717,894.905,727.139,1405.26,1415.077,1205.019,1427.581,1243.325,1112.459,1222.855,1097.805,767.78,767.78,Too far,211.459,17.592,27.471,27.471,27.471,27.471,204.964,518.53,318.821,393.931,939.331,939.331,877.117,1019.033,1021.56,1019.033,980.55,729.075,729.075,309.059,307.352,266.172,330.425,330.425,391.156,292.192,515.494,292.192,754.38,779.211,810.434,806.719,457.343,787.891,807.459,816.383,628.267,821.899,816.383,816.383,816.383,839.96,370.899,378.926,317.251,370.899,790.158,790.158,2113.046,2113.046,785.488,486.858,661.348,699.816,785.488,486.858,785.488,785.488,785.488,486.858,Too far,932.777,561.58,547.709,521.672,964.244,1193.391,1102.98,1102.98,1193.391,1151.377,921.076,1102.98,921.076,921.076,1102.98,1391.353,1388.008,824.609,762.828,2084.101,2084.101,87.084,87.084,129.123
INOP - Indiana Donor Network,478.129,582.245,1747.628,1747.628,1747.628,1733.228,2070.716,2098.407,2031.976,2276.39,2276.39,2092.098,2276.39,2304.362,2070.716,2070.716,1085.021,1085.021,1075.098,837.36,813.547,593.246,1170.229,1180.046,969.988,1192.55,1008.293,877.431,987.825,862.775,532.751,532.751,Too far,363.434,192.663,182.784,182.784,182.784,182.784,0,486.16,113.709,188.819,818.869,818.869,794.291,937.675,940.203,937.675,899.193,595.182,595.182,295.007,281.993,262.221,528.931,528.931,589.662,242.982,482.773,242.982,671.555,576.169,607.393,603.678,609.318,646.6,700.672,710.185,569.137,740.542,710.185,710.185,710.185,758.603,316.906,175.885,112.139,316.906,740.948,740.948,2265.022,2265.022,644.197,359.862,579.991,558.525,644.197,359.862,644.197,644.197,644.197,359.862,Too far,727.664,753.878,464.883,286.642,932.111,1172.818,1020.154,1020.154,1172.818,1068.551,899.728,1020.154,899.728,899.728,1020.154,1543.329,1539.984,627.286,559.785,2288.926,2288.926,272.812,272.812,327.63
MWOB - Midwest Transplant Network,685.319,420.538,1248.728,1248.728,1248.728,1234.331,1620.239,1680.933,1581.501,1817.599,1817.599,1681.474,1817.599,1845.568,1620.239,1620.239,603.539,603.539,593.616,1325.607,1301.793,1081.489,1442.638,1452.455,1242.396,1464.958,1280.702,1149.836,1260.232,1135.182,805.157,805.157,Too far,312.301,510.956,515.861,515.861,515.861,515.861,488.426,5.138,512.396,588.504,841.611,841.611,543.677,1425.923,1428.449,1425.923,1387.439,1083.426,1083.426,770.179,768.471,727.292,408.161,408.161,441.69,253.492,5.67,253.492,656.66,965.402,1053.972,1050.258,188.391,1134.843,1188.916,1198.43,1057.382,1228.788,1198.43,1198.43,1198.43,1246.85,805.15,664.129,595.022,805.15,345.257,345.257,1806.229,1806.229,1132.441,848.106,1068.236,1046.769,1132.441,848.106,1132.441,1132.441,1132.441,848.106,Too far,1108.376,363.012,449.988,559.048,542.496,806.905,741.168,741.168,806.905,791.226,504.641,741.168,504.641,504.641,741.168,1084.535,1081.19,1073.867,1006.366,1898.056,1898.056,572.761,572.761,492.835
KYDA - Kentucky Organ Donor Affiliates,365.21,528.273,1765.635,1765.635,1765.635,1751.235,2088.723,2116.415,2049.982,2369.817,2369.817,2110.106,2369.817,2397.789,2088.723,2088.723,1109.434,1109.434,1099.511,868.552,844.739,607.812,1057.314,1067.129,857.07,1079.633,895.375,764.513,874.907,749.857,419.833,419.833,Too far,475.772,305.67,295.791,295.791,295.791,295.791,112.902,510.572,0,76.876,705.952,705.952,740.319,968.867,971.395,968.867,930.385,609.748,609.748,373.033,360.019,348.055,641.938,641.938,702.669,261.04,507.186,261.04,589.855,472.747,542.344,538.629,694.275,674.168,728.24,737.753,600.33,748.024,737.753,737.753,737.753,789.795,348.098,205.702,98.993,348.098,758.954,758.954,2358.453,2358.453,671.765,387.43,611.183,586.093,671.765,387.43,671.765,671.765,671.765,387.43,Too far,615.722,866.216,384.574,173.724,878.139,1118.846,966.182,966.182,1118.846,1014.58,845.756,966.182,845.756,845.756,966.182,1636.76,1633.415,562.237,494.737,2401.265,2401.265,385.819,385.819,440.637
LAOP - Louisiana Organ Procurement Agency,336.7,412.878,1507.77,1507.77,1507.77,1396.103,1880.82,1809.169,1823.704,2260.172,2260.172,1802.859,2260.172,2235.213,1880.82,1880.82,1287.499,1287.499,1358.564,1423.256,1388.316,1080.72,834.061,843.876,633.817,856.381,672.123,541.2,651.655,526.604,463.049,463.049,Too far,891.229,902.402,894.47,894.47,894.47,894.47,826.154,815.945,699.383,738.139,41.246,41.246,312.204,1523.572,1526.099,1523.572,1485.089,1115.418,1115.418,1070.501,1057.488,1045.524,1082.809,1082.809,1189.896,644.989,812.772,644.989,155.404,709.64,850.4,846.685,1003.333,1241.11,1290.463,1299.976,1297.799,1310.248,1299.976,1299.976,1299.976,1333.372,1045.567,903.171,796.462,1045.567,695.443,695.443,2617.505,2617.505,1238.708,1086.494,1195.534,1145.975,1238.708,1086.494,1238.708,1238.708,1238.708,1086.494,Too far,775.458,1177.955,362.837,525.708,527.084,530.492,334.739,334.739,530.492,353.01,491.772,334.739,491.772,491.772,334.739,1726.305,1733.942,997.732,961.13,2691.182,2691.182,983.187,983.187,1007.402
MAOB - New England Organ Bank,1176.81,1446.452,2681.968,2681.968,2681.968,2667.572,2987.549,3048.246,2948.807,3104.302,3104.302,3048.79,3104.302,3132.274,2987.549,2987.549,1973.811,1973.811,1975.992,92.423,128.904,431.6,1473.641,1479.735,1288.665,1492.239,1365.485,1149.457,1345.015,1216.916,1096.252,1096.252,Too far,1191.355,995.297,985.419,985.419,985.419,985.419,928.548,1414.752,960.761,919.643,1522.216,1522.216,1630.403,12.634,13.481,12.634,38.677,393.501,393.501,708.608,703.329,806.797,1331.567,1331.567,1392.298,1171.574,1411.365,1171.574,1415.988,860.752,696.603,709.767,1437.239,297.212,217.593,210.125,384.251,200.572,210.125,210.125,210.125,185.354,631.318,755.756,861.774,631.318,1669.537,1669.537,3092.945,3092.945,300.125,563.885,355.494,377.574,300.125,563.885,300.125,300.125,300.125,563.885,Too far,975.234,1562.723,1312.245,1100.216,1796.317,2037.026,1845.713,1845.713,2037.026,1863.983,1763.936,1845.713,1763.936,1763.936,1845.713,2371.248,2367.903,547.02,548.023,3085.25,3085.25,1075.446,1075.446,1130.263
CTOP - LifeChoice Donor Services,1176.81,1446.452,2681.968,2681.968,2681.968,2667.572,2987.549,3048.246,2948.807,3104.302,3104.302,3048.79,3104.302,3132.274,2987.549,2987.549,1973.811,1973.811,1975.992,92.423,128.904,431.6,1473.641,1479.735,1288.665,1492.239,1365.485,1149.457,1345.015,1216.916,1096.252,1096.252,Too far,1191.355,995.297,985.419,985.419,985.419,985.419,928.548,1414.752,960.761,919.643,1522.216,1522.216,1630.403,12.634,13.481,12.634,38.677,393.501,393.501,708.608,703.329,806.797,1331.567,1331.567,1392.298,1171.574,1411.365,1171.574,1415.988,860.752,696.603,709.767,1437.239,297.212,217.593,210.125,384.251,200.572,210.125,210.125,210.125,185.354,631.318,755.756,861.774,631.318,1669.537,1669.537,3092.945,3092.945,300.125,563.885,355.494,377.574,300.125,563.885,300.125,300.125,300.125,563.885,Too far,975.234,1562.723,1312.245,1100.216,1796.317,2037.026,1845.713,1845.713,2037.026,1863.983,1763.936,1845.713,1763.936,1763.936,1845.713,2371.248,2367.903,547.02,548.023,3085.25,3085.25,1075.446,1075.446,1130.263
MDPC - The Living Legacy Foundation of Maryland,777.295,1046.935,2348.463,2348.463,2348.463,2317.199,2671.551,2699.244,2632.808,2822.196,2822.196,2692.934,2822.196,2850.168,2671.551,2671.551,1691.704,1691.704,1670.185,302.451,265.094,38.3,1079.97,1086.063,894.994,1098.567,971.81,755.784,951.342,823.244,696.737,696.737,Too far,909.247,713.191,703.312,703.312,703.312,703.312,595.047,1081.251,609.26,538.146,1122.698,1122.698,1230.887,400.888,403.415,400.888,362.405,0,0,539.476,526.463,524.69,1049.461,1049.461,1110.192,838.072,1077.864,838.072,1016.472,446.801,302.932,316.096,1155.132,103.346,178.369,187.23,336.474,196.4,187.23,187.23,187.23,214.459,373.706,420.151,524.422,373.706,1336.037,1336.037,2810.838,2810.838,101.884,247.533,143.92,89.623,101.884,247.533,101.884,101.884,101.884,247.533,Too far,581.563,1280.617,912.727,700.699,1396.8,1637.509,1446.195,1446.195,1637.509,1464.465,1364.419,1446.195,1364.419,1364.419,1446.195,2089.141,2085.797,153.349,154.352,2803.147,2803.147,793.339,793.339,848.157
MIOP - Gift of Life Michigan,711.668,856.139,2013.675,2013.675,2013.675,1999.275,2242.646,2303.342,2203.903,2359.393,2359.393,2303.886,2359.393,2387.365,2242.646,2242.646,1228.897,1228.897,1231.078,714.923,691.11,523.345,1323.214,1329.308,1146.047,1341.812,1184.353,999.028,1163.883,1038.833,708.809,708.809,Too far,446.441,251.295,241.415,241.415,241.415,241.415,261.84,725.917,347.255,330.296,1052.408,1052.408,1068.185,815.238,817.766,815.238,776.756,525.282,525.282,43.883,42.176,0,587.563,587.563,648.294,509.028,722.881,509.028,945.448,615.254,646.478,642.762,692.324,584.097,603.664,612.589,424.472,618.105,612.589,612.589,612.589,636.166,167.104,189.212,249.496,167.104,1006.995,1006.995,2348.028,2348.028,581.694,283.064,457.554,496.023,581.694,283.064,581.694,581.694,581.694,283.064,Too far,824.509,818.717,738.777,520.18,1206.004,1446.713,1294.05,1294.05,1446.713,1342.447,1173.622,1294.05,1173.622,1173.622,1294.05,1626.335,1622.99,620.816,595.031,2341.242,2341.242,331.443,331.443,386.261
MNOP - LifeSource Upper Midwest Organ Procurement Organization,1072.733,856.189,1794.532,1794.532,1794.532,1780.132,1928.685,1989.379,1889.947,2045.442,2045.442,1989.92,2045.442,2073.415,1928.685,1928.685,914.94,914.94,917.121,1300.5,1276.687,1108.92,1764.837,1774.654,1564.595,1787.158,1602.902,1472.036,1582.432,1457.381,1127.355,1127.355,Too far,304.746,404.132,407.958,407.958,407.958,407.958,589.822,439.556,703.68,778.79,1221.516,1221.516,979.329,1400.816,1403.343,1400.816,1362.333,1110.857,1110.857,690.981,689.273,648.093,84.09,84.09,0,561.233,436.52,561.233,1036.567,1164.069,1195.29,1191.575,378.369,1169.672,1189.241,1198.166,1010.048,1203.682,1198.166,1198.166,1198.166,1221.743,752.681,763.784,702.109,752.681,788.008,788.008,1732.966,1732.966,1167.27,868.64,1043.13,1081.598,1167.27,868.64,1167.27,1167.27,1167.27,868.64,Too far,1317.634,275.551,829.896,881.247,985.247,1249.655,1176.82,1176.82,1249.655,1226.878,940.29,1176.82,940.29,940.29,1176.82,1270.365,1267.02,1206.391,1147.686,1659.602,1659.602,336.788,336.788,268.335
MOMA - Mid-America Transplant Services,498.101,344.354,1505.661,1505.661,1505.661,1491.261,1828.747,1856.441,1790.008,2064.581,2064.581,1850.13,2064.581,2092.553,1828.747,1828.747,850.533,850.533,840.61,1079.489,1055.676,835.375,1190.202,1200.019,989.961,1212.523,1028.266,897.403,1007.798,882.747,552.724,552.724,Too far,260.636,291.205,296.11,296.11,296.11,296.11,242.439,251.673,259.962,336.07,675.079,675.079,556.587,1179.805,1182.331,1179.805,1141.321,837.311,837.311,541.201,528.188,507.541,452.216,452.216,559.304,0,248.287,0,490.128,712.968,801.54,797.825,435.375,888.729,942.801,952.314,811.268,982.672,952.314,952.314,952.314,1000.733,559.035,418.014,348.907,559.035,498.979,498.979,2053.21,2053.21,886.326,601.992,822.121,800.654,886.326,601.992,886.326,886.326,886.326,601.992,Too far,855.942,609.997,283.457,306.615,673.065,902.216,782.449,782.449,902.216,830.847,629.899,782.449,629.899,629.899,782.449,1331.518,1328.173,821.434,753.933,2145.045,2145.045,379.502,379.502,358.247
MSOP - Mississippi Organ Recovery Agency,233.745,270.76,1476.445,1476.445,1476.445,1364.778,1849.495,1777.844,1792.379,2144.619,2144.619,1771.534,2144.619,2119.659,1849.495,1849.495,1206.976,1206.976,1223.863,1320.302,1285.362,977.765,888.148,897.963,687.905,910.468,726.21,595.287,705.742,580.691,378.192,378.192,Too far,736.358,747.53,739.599,739.599,739.599,739.599,671.283,661.073,588.207,626.962,192.75,192.75,225.13,1420.618,1423.144,1420.618,1382.134,1012.465,1012.465,970.045,957.032,944.833,927.939,927.939,1035.026,490.118,657.9,490.118,7.798,622.14,762.9,759.185,848.461,1138.156,1187.508,1197.022,1186.622,1207.293,1197.022,1197.022,1197.022,1230.418,934.391,791.995,685.286,934.391,614.919,614.919,2482.801,2482.801,1135.754,973.723,1092.58,1043.021,1135.754,973.723,1135.754,1135.754,1135.754,973.723,Too far,696.144,1023.082,207.964,416.428,446.56,644.151,448.398,448.398,644.151,466.669,411.248,448.398,411.248,411.248,448.398,1645.782,1757.767,925.676,858.176,2556.477,2556.477,828.315,828.315,852.53
NCCM - LifeShare Carolinas,390.434,754.293,2091.431,2091.431,2091.431,1979.762,2414.857,2392.831,2376.085,2715.686,2715.686,2386.522,2715.686,2690.727,2414.857,2414.857,1562.416,1562.416,1552.493,766.758,731.818,399.615,707.59,713.682,522.614,726.187,599.429,383.404,578.961,450.863,244.319,244.319,Too far,935.585,766.553,756.675,756.675,756.675,756.675,575.934,963.558,472.428,396.944,713.366,713.366,840.116,867.073,869.601,867.073,828.591,438.288,438.288,632.02,619.007,607.044,1102.824,1102.824,1163.554,714.026,960.172,714.026,625.699,0,145.249,141.534,1147.262,584.614,633.965,643.478,724.349,653.748,643.478,643.478,643.478,676.874,514.838,424.124,460.35,514.838,1086.718,1086.718,2811.438,2811.438,582.211,447.456,539.037,489.479,582.211,447.456,582.211,582.211,582.211,447.456,Too far,208.885,1321.883,620.085,408.055,1061.547,1232.978,1037.226,1037.226,1232.978,1055.497,1026.235,1037.226,1026.235,1026.235,1037.226,2089.741,2086.397,292.58,271.805,2856.935,2856.935,846.702,846.702,901.52
NCNC - Carolina Donor Services,628.802,966.594,2329.796,2329.796,2329.796,2218.133,2627.157,2631.197,2588.415,2927.987,2927.987,2624.888,2927.987,2903.028,2627.157,2627.157,1754.442,1754.442,1744.519,618.295,580.938,277.79,824.224,830.316,639.248,842.821,716.065,500.039,695.597,567.499,482.795,482.795,Too far,1071.02,901.988,892.109,892.109,892.109,892.109,711.368,1155.585,645.54,574.426,946.879,946.879,1078.485,716.732,719.259,716.732,678.249,316.463,316.463,805.915,792.902,742.477,1238.258,1238.258,1298.988,906.052,1152.199,906.052,864.068,250.449,104.479,112.956,1339.288,419.189,494.212,503.074,647.644,512.244,503.074,503.074,503.074,530.302,640.145,559.557,595.783,640.145,1299.021,1299.021,3003.464,3003.464,417.728,513.973,455.412,401.115,417.728,513.973,417.728,417.728,417.728,513.973,Too far,325.818,1461.465,832.386,620.358,1299.917,1466.492,1270.739,1270.739,1466.492,1289.01,1264.605,1270.739,1264.605,1264.605,1270.739,2281.767,2278.422,166.022,235.365,2998.291,2998.291,982.136,982.136,1036.954
NEOR - Live On Nebraska,870.722,605.943,1329.865,1329.865,1329.865,1315.466,1554.433,1615.127,1515.695,1671.191,1671.191,1615.668,1671.191,1699.16,1554.433,1554.433,540.69,540.69,542.871,1346.348,1322.534,1154.769,1624.403,1634.219,1424.161,1646.723,1462.467,1331.601,1441.997,1316.947,986.92,986.92,Too far,249.012,459.122,469.001,469.001,469.001,469.001,608.004,181.245,694.16,770.268,1027.014,1027.014,729.082,1446.664,1449.19,1446.664,1408.18,1156.706,1156.706,735.598,733.89,692.711,343.914,343.914,377.443,435.256,183.37,435.256,842.063,1147.163,1235.735,1232.02,0,1215.52,1235.088,1244.013,1055.895,1249.529,1244.013,1244.013,1244.013,1267.591,798.529,781.212,720.665,798.529,460.007,460.007,1659.821,1659.821,1213.118,914.487,1088.977,1127.446,1213.118,914.487,1213.118,1213.118,1213.118,914.487,Too far,1290.138,177.801,635.392,740.812,657.247,921.655,900.518,900.518,921.655,950.576,662.715,900.518,662.715,662.715,900.518,938.128,934.783,1255.631,1188.131,1712.843,1712.843,509.473,509.473,429.547
NJTO - New Jersey Organ and Tissue Sharing Network OPO,938.858,1208.497,2439.973,2439.973,2439.973,2425.58,2782.074,2790.754,2743.331,2898.822,2898.822,2784.444,2898.822,2926.794,2782.074,2782.074,1768.332,1768.332,1770.513,142.227,104.871,216.89,1258.931,1265.025,1073.956,1277.529,1150.773,934.745,1130.303,1002.205,858.299,858.299,Too far,985.875,789.818,779.94,779.94,779.94,779.94,686.556,1172.76,714.918,681.69,1284.264,1284.264,1392.451,240.664,243.191,240.664,202.181,178.791,178.791,616.104,603.091,601.318,1126.089,1126.089,1186.82,929.582,1169.374,929.582,1178.036,622.798,481.893,495.057,1231.76,82.502,16.393,25.906,321.436,36.177,25.906,25.906,25.906,54.235,450.333,511.659,615.931,450.333,1427.546,1427.546,2887.464,2887.464,83.488,347.539,150.015,139.619,83.488,347.539,83.488,83.488,83.488,347.539,Too far,760.525,1357.245,1074.29,862.262,1558.362,1799.071,1607.76,1607.76,1799.071,1626.031,1525.98,1607.76,1525.98,1525.98,1607.76,2165.767,2162.423,332.311,389.026,2879.772,2879.772,869.967,869.967,924.785
NMOP - New Mexico Donor Services,1245.525,879.889,465.441,465.441,465.441,449.41,788.529,816.22,749.789,1089.363,1089.363,809.911,1089.363,1064.4,788.529,788.529,448.387,448.387,444.676,2128.168,2104.357,1884.053,1993.861,2003.678,1793.619,2016.181,1774.358,1643.431,1753.888,1628.838,1391.674,1391.674,Too far,1098.023,1334.834,1339.738,1339.738,1339.738,1339.738,1285.94,789.862,1303.59,1379.699,1167.687,1167.687,834.519,2228.484,2231.013,2228.484,2190.004,1885.99,1885.99,1584.833,1571.82,1551.169,1193.88,1193.88,1227.41,1044.003,792.695,1044.003,1051.793,1628.895,1737.626,1733.911,866.929,1937.408,1991.48,2000.994,1859.945,2031.351,2000.994,2000.994,2000.994,2049.412,1602.666,1461.646,1392.537,1602.666,543.711,543.711,1364.893,1364.893,1935.005,1650.669,1870.799,1849.333,1935.005,1650.669,1935.005,1935.005,1935.005,1650.669,Too far,1709.628,1124.346,1010.198,1221.623,625.056,727.292,884.048,884.048,727.292,934.106,650.633,884.048,650.633,650.633,884.048,592.516,600.153,1834.585,1767.085,1438.564,1438.564,1423.131,1423.131,1278.558
NVLV - Nevada Donor Network,1819.147,1453.508,300.59,300.59,300.59,413.652,270.837,331.533,232.097,571.672,571.672,332.075,571.672,546.708,270.837,270.837,749.26,749.26,763.744,2628.223,2604.412,2426.42,2574.149,2583.967,2373.903,2596.471,2354.639,2223.719,2334.17,2209.124,1965.296,1965.296,Too far,1530.891,1741.005,1750.884,1750.884,1750.884,1750.884,1833.482,1348.864,1857.318,1933.427,1741.308,1741.308,1408.142,2728.539,2731.068,2728.539,2690.058,2428.354,2428.354,2017.477,2015.771,1974.591,1625.789,1625.789,1659.32,1598.415,1351.698,1598.415,1625.417,2202.522,2311.246,2307.529,1285.345,2497.394,2516.964,2525.889,2337.777,2531.406,2525.889,2525.889,2525.889,2549.468,2080.407,2009.058,1939.949,2080.407,1117.329,1117.329,1051.697,1051.697,2494.992,2196.366,2370.856,2409.323,2494.992,2196.366,2494.992,2494.992,2494.992,2196.366,Too far,2283.246,1405.378,1583.819,1795.244,1198.676,1281.76,1475.83,1475.83,1281.76,1525.888,1224.254,1475.83,1224.254,1224.254,1475.83,412.992,420.629,2418.787,2351.286,1125.367,1125.367,1791.354,1791.354,1711.426
NYAP - Center for Donation and Transplant,1084.784,1344.085,2537.813,2537.813,2537.813,2523.417,2821.442,2882.139,2782.7,2938.193,2938.193,2882.683,2938.193,2966.165,2821.442,2821.442,1807.702,1807.702,1809.884,111.757,149.678,368.296,1410.335,1416.429,1225.36,1428.933,1302.179,1086.151,1281.709,1153.61,1004.226,1004.226,Too far,1025.246,829.189,819.311,819.311,819.311,819.311,784.396,1270.599,816.609,799.65,1430.19,1430.19,1538.377,169.688,172.215,169.688,131.205,330.197,330.197,551.278,546,640.689,1165.46,1165.46,1226.19,1027.42,1267.213,1027.42,1323.962,768.725,633.299,646.464,1271.13,233.908,150.959,149.968,226.921,147.399,149.968,149.968,149.968,139.249,473.989,611.603,717.622,473.989,1525.383,1525.383,2926.836,2926.836,229.472,459.951,251.561,285.547,229.472,459.951,229.472,229.472,229.472,459.951,Too far,911.93,1396.616,1200.385,989.534,1693.949,1934.659,1753.686,1753.686,1934.659,1771.957,1661.568,1753.686,1661.568,1661.568,1753.686,2205.139,2201.794,483.716,534.953,2919.142,2919.142,909.338,909.338,964.156
NYWN - Upstate New York Transplant Services Inc,895.726,1058.789,2252.519,2252.519,2252.519,2238.12,2536.152,2596.849,2497.409,2652.902,2652.902,2597.392,2652.902,2680.874,2536.152,2536.152,1522.406,1522.406,1524.588,399.999,437.92,391.141,1364.914,1371.008,1179.939,1383.512,1256.758,1040.73,1236.288,1108.189,892.457,892.457,Too far,739.95,543.893,534.015,534.015,534.015,534.015,499.099,985.302,531.313,514.354,1236.469,1236.469,1270.835,457.929,460.457,457.929,419.447,361.986,361.986,265.423,260.146,355.393,880.162,880.162,940.893,742.125,981.916,742.125,1120.367,656.956,688.179,684.464,985.834,382.228,363.968,372.893,76.421,378.409,372.893,372.893,372.893,366.592,188.693,326.307,432.326,188.693,1240.09,1240.09,2641.537,2641.537,379.826,214.824,231.273,296.19,379.826,214.824,379.826,379.826,379.826,214.824,Too far,866.21,1111.317,915.088,704.238,1408.654,1649.363,1496.698,1496.698,1649.363,1545.095,1376.273,1496.698,1376.273,1376.273,1496.698,1919.844,1916.499,488.611,462.826,2633.847,2633.847,624.042,624.042,678.86
NYRT - LiveOnNY,961.584,1231.222,2462.699,2462.699,2462.699,2448.306,2794.548,2855.245,2755.806,2911.297,2911.297,2855.789,2911.297,2939.269,2794.548,2794.548,1780.808,1780.808,1782.989,118.226,80.869,226.341,1268.382,1274.476,1083.407,1286.98,1160.224,944.196,1139.754,1011.657,881.025,881.025,Too far,998.352,802.295,792.416,792.416,792.416,792.416,709.282,1195.486,737.644,704.416,1306.99,1306.99,1415.177,216.662,219.19,216.662,178.18,188.243,188.243,628.58,615.567,613.794,1138.566,1138.566,1199.296,952.307,1192.099,952.307,1200.762,645.524,491.344,504.508,1244.236,91.953,11.305,0,333.913,11.349,0,0,0,31.698,462.81,534.385,638.657,462.81,1450.272,1450.272,2899.94,2899.94,94.867,370.265,162.492,162.345,94.867,370.265,94.867,94.867,94.867,370.265,Too far,769.976,1369.721,1097.015,884.988,1581.087,1821.796,1630.487,1630.487,1821.796,1648.757,1548.706,1630.487,1548.706,1548.706,1630.487,2178.243,2174.899,341.762,342.765,2892.248,2892.248,882.443,882.443,937.261
NYFL - Finger Lakes Donor Recovery Network,964.9,1127.962,2321.69,2321.69,2321.69,2307.293,2605.326,2666.023,2566.583,2722.075,2722.075,2666.567,2722.075,2750.047,2605.326,2605.326,1591.58,1591.58,1593.761,334.546,372.468,383.46,1434.089,1440.183,1249.114,1452.687,1325.933,1109.905,1305.463,1177.364,961.631,961.631,Too far,809.124,613.067,603.189,603.189,603.189,603.189,568.272,1054.475,600.487,583.528,1305.643,1305.643,1340.008,392.477,395.004,392.477,353.994,338.318,338.318,335.155,329.878,424.567,949.336,949.336,1010.067,811.298,1051.089,811.298,1189.541,726.13,630.294,643.458,1055.008,342.583,324.324,333.248,0,338.764,333.248,333.248,333.248,326.947,257.867,395.481,501.499,257.867,1309.262,1309.262,2710.711,2710.711,340.181,283.998,207.604,272.521,340.181,283.998,340.181,340.181,340.181,283.998,Too far,935.384,1180.492,984.262,773.412,1477.827,1718.536,1565.871,1565.871,1718.536,1614.268,1445.445,1565.871,1445.445,1445.445,1565.871,1989.018,1985.673,480.711,497.159,2703.02,2703.02,693.216,693.216,748.034
OHOV - LifeCenter Organ Donor Network,463.616,626.678,1855.1,1855.1,1855.1,1840.7,2178.189,2205.88,2139.446,2387.923,2387.923,2199.571,2387.923,2415.895,2178.189,2178.189,1192.492,1192.492,1182.569,769.717,745.905,521.98,1098.24,1108.057,897.996,1120.561,936.302,795.61,915.833,790.783,460.759,460.759,Too far,474.971,304.898,295.019,295.019,295.019,295.019,112.131,593.631,99.205,82.246,804.357,804.357,838.725,870.033,872.56,870.033,831.55,523.916,523.916,275.107,262.094,250.131,641.166,641.166,701.897,350.454,590.245,350.454,688.26,461.807,493.03,489.314,720.854,575.333,629.405,638.918,501.495,649.188,638.918,638.918,638.918,690.96,249.264,106.868,0,249.264,848.42,848.42,2376.559,2376.559,572.931,288.596,512.348,487.259,572.931,288.596,572.931,572.931,572.931,288.596,Too far,621.091,865.415,482.98,272.129,976.544,1217.251,1064.588,1064.588,1217.251,1112.985,944.162,1064.588,944.162,944.162,1064.588,1654.866,1651.521,512.924,445.423,2400.464,2400.464,385.047,385.047,439.865
OHLB - Lifebanc,712.354,875.415,2063.399,2063.399,2063.399,2049,2347.713,2408.41,2308.97,2464.461,2464.461,2408.953,2464.461,2492.432,2347.713,2347.713,1333.966,1333.966,1336.147,567.938,544.124,376.36,1225.541,1231.635,1040.566,1244.139,1117.384,901.355,1096.914,968.815,709.495,709.495,Too far,551.509,355.452,345.573,345.573,345.573,345.573,315.728,801.931,347.941,330.982,1053.094,1053.094,1087.46,639.459,641.987,639.459,600.976,378.296,378.296,181.739,168.725,166.952,691.721,691.721,752.452,558.753,798.544,558.753,936.995,517.581,548.805,545.09,797.393,437.11,456.678,465.603,257.95,471.119,465.603,465.603,465.603,489.18,0,142.935,248.953,0,1056.72,1056.72,2453.095,2453.095,434.708,136.078,310.568,349.037,434.708,136.078,434.708,434.708,434.708,136.078,Too far,726.836,922.875,731.716,520.866,1225.28,1465.989,1313.325,1313.325,1465.989,1361.722,1192.899,1313.325,1192.899,1192.899,1313.325,1731.404,1728.059,473.83,448.045,2445.401,2445.401,435.601,435.601,490.419
OHLP - Lifeline of Ohio,570.4,733.463,1923.543,1923.543,1923.543,1909.143,2246.631,2274.323,2207.889,2448.474,2448.474,2268.014,2448.474,2476.445,2246.631,2246.631,1260.935,1260.935,1251.012,663.035,639.222,418.685,1135.424,1141.518,950.449,1154.022,1043.085,811.239,1022.616,878.699,567.542,567.542,Too far,535.522,366.491,356.612,356.612,356.612,356.612,175.871,662.074,205.988,189.03,911.14,911.14,945.509,763.351,765.878,763.351,724.868,420.621,420.621,214.135,201.121,189.158,702.76,702.76,763.49,418.897,658.688,418.897,795.043,427.466,458.688,454.973,781.406,472.038,526.111,535.624,394.813,566.217,535.624,535.624,535.624,584.278,142.581,0,107.001,142.581,916.863,916.863,2437.11,2437.11,469.636,185.301,405.666,383.965,469.636,185.301,469.636,469.636,469.636,185.301,Too far,636.72,925.967,589.764,378.913,1083.328,1324.037,1171.373,1171.373,1324.037,1219.77,1050.947,1171.373,1050.947,1050.947,1171.373,1715.417,1712.072,478.582,411.082,2461.018,2461.018,446.64,446.64,501.458
OHLC - Life Connection of Ohio,657.595,796.792,1962.176,1962.176,1962.176,1947.776,2237.248,2297.944,2198.505,2353.994,2353.994,2298.488,2353.994,2381.966,2237.248,2237.248,1223.499,1223.499,1225.68,663.907,640.094,472.329,1269.141,1275.236,1091.974,1287.739,1130.28,944.956,1109.811,984.76,654.736,654.736,Too far,441.042,244.985,235.105,235.105,235.105,235.105,210.205,700.706,293.182,276.223,998.334,998.334,1008.838,764.222,766.75,764.222,725.74,474.266,474.266,81.64,68.627,55.697,581.252,581.252,641.983,457.529,697.32,457.529,886.101,561.182,592.405,588.69,686.926,533.08,552.648,561.572,373.456,567.088,561.572,561.572,561.572,585.149,116.088,135.139,195.423,116.088,955.495,955.495,2342.63,2342.63,530.678,232.047,406.538,445.007,530.678,232.047,530.678,530.678,530.678,232.047,Too far,770.437,812.407,679.43,466.107,1146.657,1387.366,1234.702,1234.702,1387.366,1283.099,1114.275,1234.702,1114.275,1114.275,1234.702,1620.937,1617.592,569.799,544.015,2334.931,2334.931,325.133,325.133,379.951
OKOP - LifeShare Transplant Donor Services of Oklahoma,702.745,337.105,1006.53,1006.53,1006.53,992.133,1329.618,1357.309,1290.879,1630.454,1630.454,1350.999,1630.454,1605.49,1329.618,1329.618,678.031,678.031,668.108,1578.622,1554.808,1334.506,1487.145,1467.56,1257.501,1509.466,1295.807,1164.881,1275.337,1150.287,848.893,848.893,Too far,658.865,790.337,795.243,795.243,795.243,795.243,741.442,350.705,759.093,835.201,723.708,723.708,390.54,1678.938,1681.464,1678.938,1640.454,1336.443,1336.443,1040.333,1027.319,1006.673,754.726,754.726,788.256,499.505,353.538,499.505,607.815,1086.121,1194.852,1191.138,455.115,1387.86,1441.933,1451.446,1310.398,1481.803,1451.446,1451.446,1451.446,1499.865,1058.166,917.145,848.037,1058.166,0,0,1927.052,1927.052,1385.458,1101.122,1321.251,1299.786,1385.458,1101.122,1385.458,1385.458,1385.458,1101.122,Too far,1166.846,635.468,467.414,678.841,201.185,465.593,444.457,444.457,465.593,494.514,206.654,444.457,206.654,206.654,444.457,1205.359,1202.013,1291.805,1224.305,2000.722,2000.722,878.634,878.634,839.401
ORUO - Pacific Northwest Transplant Bank,2579.203,2213.565,1332.447,1332.447,1332.447,1445.51,961.669,1073.223,1018.98,634.637,634.637,1081.639,634.637,662.606,961.669,961.669,1258.062,1258.062,1265.657,3002.91,2979.098,2811.331,3281.297,3291.115,3080.984,3303.619,3119.303,2989.005,3098.834,2973.739,2643.506,2643.506,Too far,1905.569,2115.678,2125.557,2125.557,2125.557,2125.557,2264.561,1799.837,2350.719,2426.826,2646.565,2646.565,2313.179,3103.225,3105.754,3103.225,3064.745,2813.265,2813.265,2392.154,2390.45,2349.268,1836.957,1836.957,1732.112,2053.848,1801.961,2053.848,2476.555,2803.756,2892.29,2888.574,1660.023,2872.08,2891.651,2900.575,2712.464,2906.093,2900.575,2900.575,2900.575,2924.154,2455.093,2437.767,2377.222,2455.093,1926.589,1926.589,0,0,2869.678,2571.052,2745.542,2784.009,2869.678,2571.052,2869.678,2869.678,2869.678,2571.052,Too far,2947.516,1563.628,2343.874,2397.369,2031.147,2287.335,2367.294,2367.294,2287.335,2417.377,2129.298,2367.294,2129.298,2129.298,2367.294,774.293,767.818,2912.186,2844.685,173.235,173.235,2102.429,2102.429,2033.976
PADV - Gift of Life Donor Program,900.112,1169.752,2398.033,2398.033,2398.033,2383.641,2721.121,2748.814,2682.378,2880.262,2880.262,2742.504,2880.262,2908.234,2721.121,2721.121,1749.772,1749.772,1719.754,209.188,171.831,136.124,1178.165,1184.259,993.19,1196.763,1070.008,853.98,1049.538,921.44,819.552,819.552,Too far,967.315,771.258,761.38,761.38,761.38,761.38,644.617,1130.82,672.979,635.114,1245.517,1245.517,1353.704,307.624,310.151,307.624,269.141,98.026,98.026,597.544,584.531,582.758,1107.529,1107.529,1168.259,887.642,1127.433,887.642,1139.289,584.051,401.127,414.292,1213.2,3.427,85.105,93.967,340.291,103.137,93.967,93.967,93.967,121.195,431.773,469.72,573.991,431.773,1385.606,1385.606,2868.905,2868.905,0,305.6,150.442,95.271,0,305.6,0,0,0,305.6,Too far,679.759,1338.685,1035.545,823.516,1519.616,1760.326,1569.014,1569.014,1760.326,1587.284,1487.235,1569.014,1487.235,1487.235,1569.014,2147.207,2143.863,251.545,252.548,2861.213,2861.213,851.407,851.407,906.225
PATF - Center for Organ Recovery and Education,747.957,915.849,2113.435,2113.435,2113.435,2099.033,2436.522,2464.215,2397.78,2581.073,2581.073,2457.906,2581.073,2609.045,2436.522,2436.522,1450.578,1450.578,1435.152,472.162,459.007,246.332,1156.912,1163.006,971.937,1175.509,1048.755,832.727,1028.285,900.187,684.454,684.454,Too far,668.121,472.064,462.185,462.185,462.185,462.185,360.012,846.215,388.374,371.415,1093.359,1093.359,1127.893,572.477,575.005,572.477,533.995,248.268,248.268,298.351,285.337,283.564,808.334,808.334,869.065,603.037,842.828,603.037,987.133,448.953,480.176,476.46,914.005,307.083,361.155,370.668,283.603,380.939,370.668,370.668,370.668,404.064,132.58,185.115,289.386,132.58,1101.004,1101.004,2569.708,2569.708,304.681,0,214.792,219.009,304.681,0,304.681,304.681,304.681,0,Too far,658.208,1039.489,772.149,561.299,1265.712,1506.421,1353.757,1353.757,1506.421,1402.154,1233.331,1353.757,1233.331,1233.331,1353.757,1848.016,1844.671,343.802,318.018,2562.019,2562.019,552.213,552.213,607.031
PRLL - LifeLink of Puerto Rico,Too far,Too far,Too far,Too far,Too far,Too far,Too far,Too far,Too far,Too far,Too far,Too far,Too far,Too far,Too far,Too far,Too far,Too far,Too far,Too far,Too far,Too far,Too far,Too far,Too far,Too far,Too far,Too far,Too far,Too far,Too far,Too far,Too far,Too far,Too far,Too far,Too far,Too far,Too far,Too far,Too far,Too far,Too far,Too far,Too far,Too far,Too far,Too far,Too far,Too far,Too far,Too far,Too far,Too far,Too far,Too far,Too far,Too far,Too far,Too far,Too far,Too far,Too far,Too far,Too far,Too far,Too far,Too far,Too far,Too far,Too far,Too far,Too far,Too far,Too far,Too far,Too far,Too far,Too far,Too far,Too far,Too far,Too far,Too far,Too far,Too far,Too far,Too far,Too far,Too far,Too far,Too far,Too far,22.79,Too far,Too far,Too far,Too far,Too far,Too far,Too far,Too far,Too far,Too far,Too far,Too far,Too far,Too far,Too far,Too far,Too far,Too far,Too far,Too far,Too far,Too far,Too far,Too far
SCOP - We Are Sharing Hope SC,465.025,836.366,2166.018,2166.018,2166.018,2054.355,2496.93,2467.419,2458.187,2797.76,2797.76,2461.11,2797.76,2772.801,2496.93,2496.93,1705.212,1705.212,1695.29,875.515,838.158,535.01,563.092,569.185,378.116,581.689,454.931,238.907,434.462,306.365,319.019,319.019,Too far,1089.418,919.316,909.437,909.437,909.437,909.437,726.548,1106.356,615.224,539.74,783.102,783.102,914.707,973.952,976.479,973.952,935.469,573.683,573.683,838.234,825.221,813.258,1255.586,1255.586,1316.316,856.823,1102.969,856.823,700.29,208.442,304.161,307.589,1290.059,676.41,751.433,760.294,930.564,769.464,760.294,760.294,760.294,787.522,721.053,630.339,620.443,721.053,1168.792,1168.792,2954.235,2954.235,674.948,653.671,712.633,658.334,674.948,653.671,674.948,674.948,674.948,653.671,Too far,0,1464.68,699.132,550.852,1136.139,1302.714,1106.962,1106.962,1302.714,1125.232,1100.827,1106.962,1100.827,1100.827,1106.962,2232.538,2229.193,423.242,492.584,2999.731,2999.731,999.464,999.464,1054.282
TNMS - Mid-South Transplant Foundation,238.052,156.814,1494.292,1494.292,1494.292,1427.075,1817.377,1840.141,1778.639,2118.212,2118.212,1833.831,2118.212,2093.253,1817.377,1817.377,1115.804,1115.804,1105.882,1204.451,1169.51,861.914,993.05,1002.866,792.807,1015.37,831.112,700.189,810.644,685.594,384.201,384.201,Too far,550.966,562.139,554.208,554.208,554.208,554.208,485.762,475.683,368.641,407.398,406.606,406.606,368.859,1304.767,1307.293,1304.767,1266.283,896.613,896.613,739.758,726.745,714.782,742.547,742.547,849.635,304.727,472.51,304.727,221.655,604.142,712.871,709.155,663.071,1022.305,1071.657,1081.171,967.057,1091.442,1081.171,1081.171,1081.171,1114.567,714.825,572.429,465.72,714.825,489.239,489.239,2364.824,2364.824,1019.902,754.156,977.91,927.17,1019.902,754.156,1019.902,1019.902,1019.902,754.156,Too far,702.152,837.692,22.606,196.863,506.677,747.386,594.722,594.722,747.386,643.12,474.294,594.722,474.294,474.294,594.722,1643.131,1639.786,809.825,742.325,2372.741,2372.741,642.924,642.924,667.14
TNDS - Tennessee Donor Services,191.48,346.919,1684.396,1684.396,1684.396,1617.182,2007.482,2030.248,1968.744,2308.317,2308.317,2023.938,2308.317,2283.358,2007.482,2007.482,1156.503,1156.503,1146.581,1008.069,973.129,665.533,884.998,894.813,684.755,907.318,723.06,592.198,702.592,577.542,247.518,247.518,Too far,566.666,479.351,469.472,469.472,469.472,469.472,286.583,557.642,173.496,212.252,532.221,532.221,558.964,1108.385,1110.912,1108.385,1069.902,700.232,700.232,544.614,531.601,519.638,822.01,822.01,882.741,308.111,554.256,308.111,417.99,407.762,516.491,512.775,741.345,825.924,875.276,884.789,771.912,895.059,884.789,884.789,884.789,918.184,519.68,377.284,270.575,519.68,679.344,679.344,2405.522,2405.522,823.521,559.013,782.765,730.789,823.521,559.013,823.521,823.521,823.521,559.013,Too far,550.737,915.966,212.711,0,696.784,937.492,784.827,784.827,937.492,833.224,664.401,784.827,664.401,664.401,784.827,1683.83,1680.485,613.444,545.944,2451.017,2451.017,559.5,559.5,620.707
TXSB - Southwest Transplant Alliance,637.634,319.07,1065.029,1065.029,1065.029,953.365,1438.079,1366.429,1380.963,1735.866,1735.866,1360.119,1735.866,1710.902,1438.079,1438.079,798.223,798.223,869.287,1671.689,1636.748,1329.153,1283.255,1293.072,1083.014,1305.576,1121.32,990.395,1100.85,975.799,782.082,782.082,Too far,811.381,921.484,967.557,967.557,967.557,967.557,899.241,551.884,845.815,884.571,520.411,520.411,187.243,1772.005,1774.531,1772.005,1733.521,1363.851,1363.851,1198.005,1184.992,1172.792,907.242,907.242,940.771,630.652,507.276,630.652,404.519,1026.029,1166.79,1163.075,656.293,1489.543,1538.895,1548.409,1444.23,1558.68,1548.409,1548.409,1548.409,1581.805,1191.998,1049.604,942.894,1191.998,206.165,206.165,2128.23,2128.23,1487.14,1231.331,1455.084,1394.408,1487.14,1231.331,1487.14,1487.14,1487.14,1231.331,Too far,1100.033,836.647,452.672,664.099,32.967,272.99,238.514,238.514,272.99,288.571,0,238.514,0,0,238.514,1237.03,1244.668,1277.063,1209.563,2201.904,2201.904,1009.781,1009.781,988.527
TXGC - LifeGift Organ Donation Center,672.831,351.414,1032.638,1032.638,1032.638,920.972,1405.688,1334.037,1348.571,1711.631,1711.631,1327.727,1711.631,1686.667,1405.688,1405.688,773.988,773.988,770.277,1704.033,1669.093,1361.498,1318.451,1328.268,1118.21,1340.772,1156.516,1025.591,1136.046,1010.996,817.278,817.278,Too far,855.759,947.323,999.9,999.9,999.9,999.9,931.584,547.599,878.159,916.914,555.608,555.608,222.44,1804.349,1806.875,1804.349,1765.865,1396.195,1396.195,1230.349,1217.335,1205.135,951.62,951.62,985.149,656.491,550.432,656.491,439.716,1061.225,1201.985,1198.271,652.008,1521.887,1571.239,1580.753,1476.573,1591.025,1580.753,1580.753,1580.753,1614.149,1224.341,1081.947,975.238,1224.341,201.88,201.88,2030.548,2030.548,1519.485,1263.674,1487.427,1426.752,1519.485,1263.674,1519.485,1519.485,1519.485,1263.674,Too far,1135.23,832.362,485.015,696.442,0,267.152,262.056,262.056,267.152,312.113,33.185,262.056,33.185,33.185,262.056,1212.795,1220.433,1309.407,1241.907,2104.222,2104.222,1035.619,1035.619,1036.295
TXSA - Texas Organ Sharing Alliance,862.286,592.05,981.122,981.122,981.122,869.457,1354.171,1282.522,1297.055,1733.523,1733.523,1276.211,1733.523,1708.559,1354.171,1354.171,957.518,957.518,953.806,1944.67,1909.729,1602.134,1359.647,1369.464,1159.406,1381.968,1197.712,1066.786,1177.242,1052.192,988.635,988.635,Too far,1120.152,1193.437,1240.539,1240.539,1240.539,1240.539,1172.092,811.992,1118.795,1157.55,543.268,543.268,450.654,2044.986,2047.512,2044.986,2006.502,1636.832,1636.832,1470.984,1457.971,1445.772,1216.009,1216.009,1249.539,902.604,814.825,902.604,637.222,1235.223,1375.983,1372.269,916.401,1762.524,1811.876,1821.39,1717.208,1831.661,1821.39,1821.39,1821.39,1854.786,1464.976,1322.581,1215.873,1464.976,466.272,466.272,2286.789,2286.789,1760.121,1504.308,1728.062,1667.389,1760.121,1504.308,1760.121,1760.121,1760.121,1504.308,Too far,1301.046,1096.755,725.651,937.079,267.438,0,197.067,197.067,0,247.124,273.179,197.067,273.179,273.179,197.067,1314.733,1322.371,1550.044,1482.543,2360.465,2360.465,1281.734,1281.734,1260.479
UTOP - DonorConnect,1856.003,1490.364,651.923,651.923,651.923,764.985,688.699,749.393,649.958,736.792,736.792,749.935,736.792,764.762,688.699,688.699,534.886,534.886,542.481,2279.723,2255.911,2088.149,2557.78,2567.598,2357.534,2580.102,2395.837,2264.977,2375.368,2250.321,1920.299,1920.299,Too far,1182.391,1392.505,1402.384,1402.384,1402.384,1402.384,1541.386,1076.66,1627.537,1703.646,1763.585,1763.585,1430.419,2380.039,2382.567,2380.039,2341.558,2090.084,2090.084,1668.977,1667.271,1626.091,1235.443,1235.443,1269.141,1330.67,1078.783,1330.67,1647.694,2080.538,2169.111,2165.395,936.845,2148.898,2168.464,2177.389,1989.27,2182.906,2177.389,2177.389,2177.389,2200.968,1731.904,1714.593,1654.046,1731.904,1203.386,1203.386,767.16,767.16,2146.496,1847.863,2022.354,2060.826,2146.496,1847.863,2146.496,2146.496,2146.496,1847.863,Too far,2223.51,1012.284,1620.674,1674.192,1220.953,1323.185,1479.949,1479.949,1323.185,1530.007,1246.531,1479.949,1246.531,1246.531,1479.949,9.316,0,2189.008,2121.506,840.832,840.832,1442.854,1442.854,1362.926
DCTC - Washington Regional Transplant Community,733.383,1003.023,2340.496,2340.496,2340.496,2273.286,2663.584,2686.351,2624.841,2815.859,2815.859,2680.041,2815.859,2843.831,2663.584,2663.584,1685.367,1685.367,1663.848,354.105,316.748,9.615,1032.633,1038.726,847.657,1051.231,924.473,708.447,904.005,775.907,638.572,638.572,Too far,902.91,706.853,696.975,696.975,696.975,696.975,588.71,1074.914,602.923,531.809,1078.785,1078.785,1186.976,452.541,455.068,452.541,414.058,51.226,51.226,533.139,520.126,518.353,1043.124,1043.124,1103.854,831.736,1071.527,831.736,972.56,399.465,255.595,268.76,1148.795,155,230.022,238.884,374.867,248.054,238.884,238.884,238.884,266.112,367.368,413.814,518.085,367.368,1335.448,1335.448,2804.499,2804.499,153.538,241.196,182.635,128.338,153.538,241.196,153.538,153.538,153.538,241.196,Too far,534.227,1274.28,868.815,656.787,1352.887,1593.597,1402.282,1402.282,1593.597,1420.553,1320.506,1402.282,1320.506,1320.506,1402.282,2082.804,2079.46,106.013,108.016,2796.81,2796.81,787.002,787.002,841.82
VATB - LifeNet Health,759.224,1066.41,2403.883,2403.883,2403.883,2336.675,2726.971,2749.74,2688.228,3037.678,3037.678,2743.43,3037.678,3002.841,2726.971,2726.971,1777.298,1777.298,1767.376,471.698,434.341,207.841,954.647,960.739,769.671,973.244,846.487,630.461,826.019,697.921,613.218,613.218,Too far,1093.875,909.68,899.802,899.802,899.802,899.802,734.224,1178.441,668.396,597.282,1077.302,1077.302,1208.904,570.134,572.661,570.134,531.651,246.513,246.513,735.966,722.953,721.18,1245.951,1245.951,1306.681,928.908,1175.055,928.908,994.489,345.964,202.094,215.258,1362.145,272.592,347.615,356.477,577.694,365.647,356.477,356.477,356.477,383.705,570.196,582.413,618.639,570.196,1398.835,1398.835,3026.32,3026.32,271.491,444.023,385.462,331.165,271.491,444.023,271.491,271.491,271.491,444.023,Too far,456.24,1484.321,932.202,720.174,1416.275,1596.914,1401.162,1401.162,1596.914,1419.432,1383.893,1401.162,1383.893,1383.893,1401.162,2304.623,2301.279,107.095,176.152,2999.632,2999.632,989.829,989.829,1044.646
WALC - LifeCenter Northwest,2580.762,2282.045,1419.622,1419.622,1419.622,1598.443,1137.254,1248.809,1194.566,810.223,810.223,1257.225,810.223,838.193,1137.254,1137.254,1326.542,1326.542,1334.137,2987.42,2963.608,2795.841,3328.174,3337.992,3127.718,3350.496,3166.021,3035.162,3145.552,3020.506,2690.425,2690.425,Too far,1922.982,2091.049,2094.902,2094.902,2094.902,2094.902,2281.975,1884.714,2396.214,2474.456,2715.043,2715.043,2381.657,3087.735,3090.264,3087.735,3049.255,2797.775,2797.775,2377.894,2376.19,2335.008,1758.234,1758.234,1653.389,2138.723,1886.838,2138.723,2545.035,2850.673,2889.452,2885.736,1706.343,2856.59,2876.161,2885.085,2696.974,2890.603,2885.085,2885.085,2885.085,2908.664,2439.603,2456.269,2394.636,2439.603,1995.069,1995.069,176,176,2854.188,2555.562,2730.052,2768.519,2854.188,2555.562,2854.188,2854.188,2854.188,2555.562,Too far,2993.647,1484.905,2338.876,2444.301,2099.627,2355.815,2435.771,2435.771,2355.815,2485.855,2197.776,2435.771,2197.776,2197.776,2435.771,842.773,836.298,2893.325,2841.826,10.6,10.6,2023.707,2023.707,1955.254
WIUW - UW Health Organ and Tissue Donation,811.397,704.862,1843.704,1843.704,1843.704,1829.304,1977.858,2038.552,1939.119,2094.615,2094.615,2039.093,2094.615,2122.587,1977.858,1977.858,964.112,964.112,966.293,1039.159,1015.347,847.581,1503.499,1513.316,1303.257,1525.819,1341.563,1210.698,1321.094,1196.043,866.017,866.017,Too far,176.413,142.793,146.619,146.619,146.619,146.619,328.482,488.728,442.34,517.449,1037.568,1037.568,917.095,1139.475,1142.002,1139.475,1100.992,849.517,849.517,429.642,427.935,386.755,211.19,211.19,271.921,359.189,485.692,359.189,852.618,902.729,933.953,930.238,427.541,908.333,927.901,936.826,748.71,942.342,936.826,936.826,936.826,960.403,491.342,502.445,440.77,491.342,837.18,837.18,2038.228,2038.228,905.93,607.301,781.79,820.258,905.93,607.301,905.93,905.93,905.93,607.301,Too far,1056.296,442.346,645.947,619.909,1034.419,1260.39,1142.959,1142.959,1260.39,1191.357,988.074,1142.959,988.074,988.074,1142.959,1361.551,1358.206,945.051,886.346,1964.865,1964.865,77.917,77.917,0
"WIDN - Versiti Wisconsin, Inc",787.428,739.34,1886.04,1886.04,1886.04,1871.64,2059.207,2119.903,2020.468,2175.962,2175.962,2120.447,2175.962,2203.933,2059.207,2059.207,1045.462,1045.462,1047.643,984.074,960.262,792.496,1479.529,1489.346,1279.288,1501.85,1317.594,1186.728,1297.124,1172.074,842.048,842.048,Too far,263.006,85.982,91.534,91.534,91.534,91.534,273.397,570.077,387.255,462.364,1013.6,1013.6,951.386,1084.392,1086.918,1084.392,1045.908,794.432,794.432,374.557,372.849,331.669,276.116,276.116,336.846,381.394,567.041,381.394,828.649,847.644,878.868,875.152,508.889,853.248,872.816,881.741,693.625,887.257,881.741,881.741,881.741,905.318,436.257,447.359,385.684,436.257,879.361,879.361,2103.154,2103.154,850.846,552.216,726.706,765.174,850.846,552.216,850.846,850.846,850.846,552.216,Too far,1001.211,507.271,621.978,595.94,1053.447,1282.595,1177.25,1177.25,1282.595,1225.647,1010.279,1177.25,1010.279,1010.279,1177.25,1442.9,1439.555,889.967,831.261,2029.79,2029.79,0,0,78.022
